NaN,abaddon,alchemist,ancient-apparition,anti-mage,arc-warden,axe,bane,batrider,beastmaster,bloodseeker,bounty-hunter,brewmaster,bristleback,broodmother,centaur-warrunner,chaos-knight,chen,clinkz,clockwerk,crystal-maiden,dark-seer,dark-willow,dazzle,death-prophet,disruptor,doom,dragon-knight,drow-ranger,earth-spirit,earthshaker,elder-titan,ember-spirit,enchantress,enigma,faceless-void,grimstroke,gyrocopter,huskar,invoker,io,jakiro,juggernaut,keeper-of-the-light,kunkka,legion-commander,leshrac,lich,lifestealer,lina,lion,lone-druid,luna,lycan,magnus,mars,medusa,meepo,mirana,monkey-king,morphling,naga-siren,natures-prophet,necrophos,night-stalker,nyx-assassin,ogre-magi,omniknight,oracle,outworld-devourer,pangolier,phantom-assassin,phantom-lancer,phoenix,puck,pudge,pugna,queen-of-pain,razor,riki,rubick,sand-king,shadow-demon,shadow-fiend,shadow-shaman,silencer,skywrath-mage,slardar,slark,snapfire,sniper,spectre,spirit-breaker,storm-spirit,sven,techies,templar-assassin,terrorblade,tidehunter,timbersaw,tinker,tiny,treant-protector,troll-warlord,tusk,underlord,undying,ursa,vengeful-spirit,venomancer,viper,visage,void-spirit,warlock,weaver,windranger,winter-wyvern,witch-doctor,wraith-king,zeus
abaddon,0,-1.74,-0.52,-1.32,2.44,1.13,0.27,2.2,0.95,-0.18,1.32,-0.3,-0.98,-1.54,-0.31,0.66,-2.34,2.02,0.97,-0.58,-2.68,0.77,0.93,-0.34,1.05,-0.2,0.17,-0.43,1.44,-1.21,-1.24,-0.39,-0.54,1.15,-0.17,-1.56,1.45,-0.16,-1.24,-1.93,0.8,0.81,-2.3,-1.12,0.19,0.79,-0.87,0.4,-1.54,-1.89,-0.93,1.55,-2.01,-0.05,0.48,-1.04,-1.96,0.62,-1.25,-0.68,-0.49,-1.0,-0.79,-0.31,-1.61,1.12,-1.24,-0.09,-3.45,-1.31,-1.2,-1.92,1.37,0.43,0.43,0.57,1.07,0.06,-0.51,-0.98,-0.42,-2.59,-1.48,0.75,2.68,1.58,0.25,-2.96,-0.26,-0.84,1.26,0.58,0.68,-0.09,0.91,-0.23,-1.01,0.11,-0.6,-0.23,-1.19,-0.56,1.32,-0.16,-1.49,-1.17,0.11,0.58,0.99,-0.55,-1.63,0.28,1.53,-0.41,-0.63,0.97,-0.03,0.26,0.8
alchemist,1.74,0,-2.24,2.05,0.91,0.72,-0.8,-0.65,0.92,0.28,-2.03,0.67,-0.27,3.39,2.51,-0.04,2.45,0.86,0.63,-0.31,-1.52,0.71,-0.26,0.3,0.85,0.55,0.27,-0.48,1.26,1.04,1.83,1.07,-0.9,0.43,0.87,0.2,-1.45,-5.09,1.08,0.04,1.26,-0.5,-0.13,1.31,0.38,-0.72,-0.08,-1.3,-0.24,-0.08,-0.77,-1.35,0.91,0.92,1.34,1.15,-2.88,0.07,-4.31,-2.44,0.27,-0.6,-1.08,1.33,-0.23,0.62,-1.39,0.88,-2.53,0.18,-1.67,1.16,1.47,3.65,0.37,0.05,-1.02,-4.31,0.38,0.1,1.17,-0.39,-1.66,0.69,1.55,-0.52,-0.93,-1.62,0.31,-1.6,3.55,-0.57,0.07,0.59,0.29,2.27,-1.66,1.33,-0.6,2.08,0.63,-0.03,-2.25,-0.38,1.44,0.91,-1.82,-0.45,0.08,-0.62,1.65,2.37,0.21,-0.15,-1.27,0.27,-0.61,3.02,1.66
ancient-apparition,0.54,2.31,0,-3.24,-2.0,0.18,-1.47,-0.32,-3.58,0.76,-0.35,-1.93,2.0,0.15,-0.27,-1.18,2.29,-1.9,0.58,0.08,0.46,0.4,2.0,1.4,0.19,-1.1,0.38,-0.16,-0.38,-0.01,0.46,-0.58,0.71,0.41,0.05,0.38,1.46,8.25,-0.14,1.14,0.22,0.01,0.2,0.06,0.02,1.18,0.47,1.47,-0.88,-1.03,-0.19,0.39,-3.54,-0.44,-0.41,0.34,1.93,-1.08,1.93,4.44,-3.01,-0.69,3.6,-0.92,-0.81,0.4,2.42,-0.13,-0.84,-0.12,-1.04,-2.98,-0.39,-0.75,-0.4,0.09,-0.4,-0.7,-1.65,-0.36,0.54,-0.99,0.15,-0.54,-0.74,-1.04,-0.43,2.3,-0.42,-1.09,-0.52,-0.34,-2.14,-0.07,0.06,-1.44,-1.21,0.76,0.83,-1.71,-0.78,0.73,1.49,-0.83,2.15,1.22,-0.7,-0.43,0.7,0.39,-1.18,-1.53,0.28,-1.65,-1.87,0.97,0.52,-0.74,-0.8
anti-mage,1.5,-2.0,3.6,0,3.33,-2.5,0.98,0.96,-1.21,-0.33,-0.62,2.46,3.33,-2.66,-1.07,0.83,-1.29,-2.17,3.57,-0.63,2.81,0.29,-0.9,3.3,-1.36,0.05,0.21,-2.05,-0.82,-1.94,-1.89,-0.95,-1.46,1.23,0.36,-0.16,1.28,-3.51,-0.85,-3.07,-0.35,1.51,-0.29,-2.76,-5.02,1.86,1.83,-0.59,-1.89,-1.0,-5.71,-1.24,-1.3,-2.77,0.91,7.72,-10.86,-0.4,-2.99,2.95,-0.51,-0.19,3.95,-1.83,-1.66,1.54,1.88,1.65,-1.42,-0.42,-4.59,1.12,0.96,-2.51,0.75,3.97,0.49,2.76,-2.56,-0.47,2.47,-0.35,-1.62,-1.24,-0.88,2.07,-4.85,-1.73,-0.34,1.14,5.15,-1.58,4.3,-0.69,2.92,-4.14,-1.28,0.9,1.22,4.91,-0.74,0.76,-4.24,-0.92,1.85,2.12,-2.61,-0.12,-0.17,-0.44,-0.15,1.32,0.42,0.21,0.22,2.91,0.01,3.35,6.1
arc-warden,-2.46,-0.92,1.94,-3.11,0,0.32,0.42,-0.82,-0.5,-0.14,-0.95,-1.89,-1.32,-9.64,-1.6,-1.97,-2.5,1.34,0.53,-0.27,-1.04,1.14,-1.16,1.33,0.64,2.06,2.19,2.07,-1.92,-0.55,-1.37,-1.28,-0.84,2.04,-1.13,0.25,2.29,0.37,-1.25,-2.6,-0.13,-0.43,0.03,-1.7,-1.89,0.98,-1.1,-0.53,-0.04,0.01,-2.77,2.06,-6.75,-1.86,-1.73,2.25,-7.17,-0.05,0.39,-3.8,-3.03,-0.35,2.22,0.84,-0.1,0.12,-1.12,-1.93,2.82,-2.34,-1.58,-3.57,1.04,0.59,-1.26,0.1,-0.53,1.84,-0.86,-0.3,-1.36,-0.56,1.25,1.43,2.23,0.49,0.44,-2.5,-1.14,0.18,-0.21,-1.38,-3.17,0.07,1.86,3.09,3.55,-0.97,-0.92,-0.09,-0.39,-0.54,1.53,-1.63,0.58,0.09,-0.22,0.1,3.52,3.1,-1.85,-2.38,-1.01,-1.47,1.12,-0.27,-0.37,-0.24,0.24
axe,-1.42,-0.7,-0.28,2.46,-0.6,0,0.82,-1.93,1.53,0.72,-0.11,0.85,0.3,1.56,-0.59,0.92,0.18,1.69,-0.82,0.3,-0.48,0.98,0.93,-2.29,-0.14,-1.52,-1.2,-0.09,-0.22,-0.06,-0.4,-1.28,0.57,-0.78,1.54,-0.26,-1.22,0.71,0.03,0.02,-1.45,0.68,0.7,-0.84,0.17,-1.12,-0.39,-0.68,0.27,0.33,-1.55,-1.18,1.59,0.05,0.12,-0.44,1.03,1.15,-1.68,2.52,3.12,0.71,-1.09,-0.91,0.89,0.51,-1.38,0.49,-3.4,-0.08,1.32,4.48,-1.31,-0.1,-0.75,-1.31,0.11,-1.31,-0.24,0.88,-1.49,-0.34,0.21,-0.44,-0.95,-0.71,-0.5,0.01,-0.73,0.24,-1.69,-0.78,0.78,-1.03,0.33,1.51,2.41,0.14,-1.42,-0.99,-0.69,-1.04,1.08,0.29,-0.08,-0.62,-1.58,0.37,-2.85,-1.66,1.82,0.55,-2.06,1.23,1.71,1.35,-1.22,-0.69,-1.0
bane,-0.26,0.76,1.44,-0.73,-0.35,-0.8,0,0.68,-3.37,-1.8,-0.59,0.43,1.41,-0.37,0.27,-2.88,-0.3,1.1,0.12,0.43,-0.95,-0.1,-0.25,-1.0,1.07,0.52,-0.71,-1.24,-1.08,-0.76,0.27,0.43,-0.2,0.22,1.01,1.1,-0.28,-0.87,-0.36,-1.15,0.55,1.53,0.17,-0.56,0.15,0.28,0.9,2.26,-0.6,-0.17,-1.75,-1.13,-5.14,0.83,0.24,0.13,-6.15,1.22,-1.09,1.11,-5.94,-1.23,-0.57,0.23,0.49,0.64,-1.08,0.37,0.02,1.06,0.88,-3.76,1.53,-0.75,-0.64,-0.03,0.13,0.63,0.41,-0.2,-0.97,-0.02,0.26,-0.72,-1.37,0.4,-1.17,-0.93,0.68,-1.6,0.31,-1.22,-0.09,0.41,0.97,-0.74,-2.27,-1.44,0.82,-0.02,-0.03,0.43,1.31,-0.92,0.26,-0.88,0.52,-0.7,-0.85,-1.58,-1.09,0.66,0.12,0.22,1.3,-0.4,-0.63,-1.45,0.43
batrider,-1.96,0.8,0.6,0.17,1.03,2.38,-0.63,0,-0.15,0.91,1.32,0.86,-0.16,3.89,0.88,-1.32,1.25,1.07,2.19,0.11,1.03,0.16,-0.36,-0.76,0.14,0.9,1.24,0.46,1.54,0.6,1.8,-1.11,0.76,0.14,0.57,-0.49,-0.35,-1.9,1.07,1.61,0.85,-0.03,0.37,0.75,-0.42,-0.96,0.71,-0.9,-0.02,0.34,0.98,0.9,0.96,0.3,1.09,-1.15,5.22,0.95,3.05,0.72,0.6,1.25,1.07,0.95,-1.08,1.46,-3.62,-2.51,-0.58,-0.26,2.17,-1.32,0.07,-1.11,2.16,0.5,-2.01,-0.84,0.3,1.21,0.41,0.27,2.08,0.19,-0.71,-0.18,1.44,-1.89,1.71,-0.43,2.67,0.45,-0.95,1.95,1.34,5.84,2.23,-1.21,3.36,1.61,1.71,2.57,1.87,1.22,1.51,0.09,0.94,-1.1,-1.62,-1.65,2.04,-0.15,1.83,-3.17,0.46,-0.43,-0.41,0.38,2.4
beastmaster,-0.84,-0.78,3.61,1.67,0.66,-0.99,3.45,0.18,0,-1.55,-0.02,-0.88,-3.18,3.78,-0.06,-0.66,-4.86,0.49,1.9,-1.08,-1.42,0.44,-1.31,-0.79,0.21,0.66,-0.02,-0.26,-0.07,-1.53,-1.75,-1.18,-4.52,-0.96,2.08,1.17,-2.19,0.33,0.95,1.8,-1.65,1.11,-1.25,-3.43,0.47,0.06,0.64,1.77,0.01,1.75,2.31,-0.13,-1.63,0.55,0.61,-3.44,-1.03,1.56,1.55,0.62,-3.51,-0.36,-0.06,3.49,2.29,3.04,-0.95,1.89,2.14,-0.44,-1.67,-3.21,-0.24,-0.32,2.6,0.45,-0.48,-1.79,1.59,-1.18,-1.37,0.54,0.37,0.46,1.15,1.29,2.42,1.16,-0.26,-2.39,0.92,-0.19,-0.58,-0.36,0.83,0.36,-1.18,-1.54,-1.78,-0.24,1.1,0.1,-0.3,0.79,-0.13,-2.02,2.36,0.13,-0.97,-0.87,2.01,0.44,-0.93,-2.39,1.46,-3.29,-1.19,1.09,1.87
bloodseeker,0.21,-0.24,-0.77,0.2,0.1,-0.83,1.92,-0.57,1.88,0,0.02,-1.13,-0.88,1.25,0.98,-0.52,-0.58,3.23,-0.62,0.21,1.33,1.53,0.85,0.39,0.66,-0.36,-0.8,1.93,0.65,-0.52,-0.3,-0.93,-0.92,-0.57,-1.37,1.66,-1.38,0.05,0.15,-0.6,0.16,-2.18,0.88,0.36,-1.29,1.45,0.73,-2.81,0.34,-1.08,-1.62,-0.73,2.58,0.42,0.47,-1.86,-1.41,1.1,-0.74,-1.97,-0.97,-1.94,-0.78,2.44,-0.94,-0.74,0.55,1.47,-0.5,2.89,0.53,-1.56,1.37,-0.56,-1.61,-0.15,-0.52,1.87,1.08,-1.5,0.34,1.04,-0.48,-0.11,1.16,-0.16,0.55,0.92,0.58,-1.69,-1.03,-1.3,-1.82,-0.42,-2.78,1.37,0.45,1.29,1.32,-2.67,-0.55,-1.0,-1.29,0.09,1.76,0.06,-0.3,1.51,-0.35,-0.4,0.58,0.78,-0.4,1.05,0.91,0.19,-0.43,-1.74,-1.31
bounty-hunter,-1.43,2.09,0.36,0.72,0.91,0.14,0.59,-1.09,0.2,-0.04,0,0.18,0.21,0.69,0.97,-1.68,1.64,4.87,-0.33,-0.95,0.08,-0.56,-0.21,1.13,-0.06,0.87,0.68,0.26,-0.3,-0.9,1.42,-0.43,-0.94,-0.97,-0.52,-0.15,-1.31,-2.01,1.35,1.0,-0.42,0.35,-0.39,1.21,-0.89,0.05,-0.4,0.07,-0.23,-1.28,1.28,-0.78,0.26,-0.3,0.2,0.05,-3.91,2.25,0.71,-0.69,-4.99,0.11,-1.59,2.19,1.2,0.07,-1.26,-0.37,-0.62,0.11,0.51,-2.94,-0.13,0.32,-0.56,0.02,-0.85,0.53,3.82,-0.05,0.68,1.02,0.4,-0.65,0.43,0.47,-0.7,-1.39,0.69,-0.27,1.16,-0.46,-0.95,0.37,-1.36,0.56,-0.64,-0.94,1.27,-0.28,0.22,-0.25,-1.81,-0.47,0.51,1.69,0.39,0.13,-1.1,0.6,0.04,-0.15,1.72,1.37,-0.42,0.23,0.11,1.22,0.54
brewmaster,0.37,-0.58,1.99,-1.68,1.97,-0.47,-0.35,-0.87,0.94,1.26,-0.08,0,-0.77,-0.2,-0.39,0.48,1.34,-1.23,-0.97,0.91,2.2,0.88,0.73,0.58,0.26,-0.51,0.55,1.55,1.0,-0.98,1.31,0.41,0.96,0.41,-1.61,0.32,-0.88,-1.05,-0.82,-1.08,-0.31,0.94,-0.57,0.23,-0.17,-0.49,0.73,-0.44,-0.09,-0.54,1.82,0.22,-0.38,0.27,1.15,-1.32,0.72,-0.34,1.23,-1.23,0.01,-0.57,0.82,0.31,0.12,1.27,-1.52,-0.55,2.32,0.13,0.11,0.02,-0.51,-1.9,0.79,0.26,-0.81,-0.19,-1.1,0.25,-1.5,1.87,-0.56,-0.82,0.48,0.19,1.16,0.39,0.75,0.21,2.12,-0.02,-0.96,0.02,-0.35,-0.05,-0.03,0.05,-1.84,0.65,0.16,-0.43,1.09,0.09,0.79,-0.33,2.49,0.67,2.0,1.77,2.26,-0.96,0.98,-3.04,0.61,0.44,0.64,0.71,2.66
bristleback,0.84,0.26,-2.23,-3.04,1.13,-0.25,-1.66,0.56,3.6,0.7,-0.27,0.85,0,2.65,1.93,1.9,1.98,2.06,0.15,0.79,0.2,-0.03,-1.71,0.36,-0.19,-0.32,-0.64,-1.27,-0.13,0.08,-0.81,-0.77,1.43,1.59,0.1,-1.13,0.5,3.04,0.17,0.42,0.87,-0.23,0.35,0.39,-1.86,1.26,1.14,0.46,0.51,-0.75,3.27,3.07,4.24,-0.65,-0.79,2.09,0.07,0.16,-0.6,-1.83,0.45,-0.74,-2.2,0.47,-2.1,-0.27,-0.84,1.53,-1.68,-0.71,0.7,0.16,0.34,0.3,1.19,0.56,-0.58,2.51,2.28,0.4,1.65,1.31,0.32,0.38,-3.38,1.73,-1.42,-3.88,0.45,0.33,1.25,-0.3,-0.28,1.52,0.35,1.12,0.36,1.81,-1.04,0.75,0.92,0.72,2.77,-1.08,1.85,-0.69,1.5,0.18,-1.07,-3.22,3.98,0.7,1.15,0.74,1.79,0.32,0.79,1.79,1.33
broodmother,1.49,-3.45,-0.19,2.15,9.29,-1.62,0.4,-3.9,-3.71,-1.19,-0.78,0.22,-2.73,0,-1.49,0.03,0.32,8.79,6.35,-2.97,-4.58,-0.38,-0.06,-0.26,1.28,3.05,-2.68,1.57,0.45,-9.98,-0.69,-2.72,-0.99,-1.11,-0.32,-2.6,-1.36,0.16,1.83,0.8,-0.93,0.84,-1.09,-8.49,-3.99,-0.92,0.65,2.02,-2.93,-2.17,3.36,1.37,-1.59,-4.27,-3.03,4.37,-10.09,2.09,-4.96,2.13,-5.94,2.77,-5.22,4.49,1.11,1.51,0.46,2.27,4.94,-4.03,-1.48,-4.22,-0.2,0.12,-0.4,-1.04,-1.87,-1.13,1.41,-0.48,-2.99,-1.84,-2.36,-0.66,4.09,1.08,-0.11,-1.01,0.37,-0.31,2.93,-3.98,-4.42,-4.06,-0.62,-2.92,-2.89,-0.69,-2.65,1.09,-1.5,0.43,-3.79,0.53,0.71,1.26,-0.18,0.64,2.43,3.01,1.6,-3.15,3.79,-0.64,0.05,-2.6,1.14,1.59,5.58
centaur-warrunner,0.29,-2.49,0.31,1.15,1.6,0.57,-0.26,-0.74,0.14,-0.95,-0.94,0.46,-1.86,1.53,0,0.43,0.05,-1.22,0.19,0.46,0.38,-0.47,-2.44,-1.79,-1.05,-0.44,-0.13,0.21,0.52,-0.31,-0.99,-1.93,0.35,-0.1,1.14,-0.51,1.65,1.27,-0.22,-0.49,-0.64,-1.96,0.11,-1.39,0.15,0.04,0.64,-1.39,0.45,0.58,-1.73,0.43,0.49,-0.26,-0.18,2.01,1.87,0.12,-1.63,1.25,2.82,-0.62,-0.52,-0.44,-0.38,0.36,-0.36,-0.05,-1.83,1.19,0.75,4.19,-0.58,-0.01,0.25,0.57,-0.39,-0.96,-0.47,0.21,1.12,0.69,-0.5,-0.27,-0.56,1.75,-0.6,0.58,0.75,1.49,1.39,-0.02,0.65,-1.59,1.43,-1.92,0.14,-0.67,-1.48,1.24,-0.25,-0.75,0.45,-0.69,-0.98,-1.14,-0.44,-0.94,-0.99,-0.03,0.19,1.23,-0.96,-0.14,2.76,1.14,-1.8,-0.21,0.77
chaos-knight,-0.66,0.07,1.2,-0.78,2.01,-0.96,3.05,1.71,0.92,0.54,1.64,-0.26,-1.95,-0.06,-0.4,0,2.04,2.76,1.34,-1.23,-3.25,-0.08,0.07,0.83,-0.1,2.08,-0.35,1.22,0.25,-2.25,-3.26,-2.66,1.36,-2.63,1.94,-0.77,-1.84,2.26,-1.12,0.35,-2.57,-0.35,-2.56,-2.41,-0.4,-1.79,-2.23,1.34,-0.61,-0.14,1.65,-0.04,1.32,-1.07,0.95,-3.13,-3.3,0.14,-1.49,1.07,-5.28,1.16,-0.75,2.6,1.37,2.46,-0.98,2.04,2.9,-2.29,-0.92,-4.0,-2.69,-0.25,1.09,1.97,-0.1,0.95,0.78,-1.2,-3.73,0.66,-0.69,0.96,1.52,1.82,1.9,0.18,-1.1,-0.76,-0.49,0.39,-0.48,-2.15,-0.12,1.1,-0.68,-3.19,-3.06,0.19,-0.42,-1.43,-0.85,0.13,-2.54,-0.98,1.05,1.18,0.91,2.69,2.07,-0.16,-1.36,-0.82,0.67,-0.68,-1.53,1.36,-0.26
chen,2.34,-2.23,-1.91,1.67,2.62,0.18,0.34,-1.22,4.67,0.85,-1.34,-1.15,-1.66,-0.13,0.05,-1.68,0,1.97,3.13,0.02,-3.36,-0.25,0.2,1.7,0.4,-2.21,-0.62,0.27,0.28,-1.2,1.84,-0.25,-0.82,0.46,0.76,1.69,0.36,-3.56,1.35,-0.54,0.02,2.07,0.05,-2.16,0.45,-0.26,-0.59,-0.6,-0.4,0.7,4.78,-0.5,0.35,0.13,1.92,-2.1,-3.05,1.72,-1.7,-0.5,-5.0,-0.79,-0.21,0.24,0.53,1.71,2.07,1.91,1.04,0.95,0.19,-2.78,1.6,1.24,1.05,0.13,-1.11,-0.63,-1.04,-0.69,-1.49,-1.21,-0.72,-0.34,1.69,-0.48,0.14,-1.15,0.36,-1.01,3.8,-1.06,1.21,-0.23,-0.85,1.36,0.09,1.4,-0.25,0.71,0.96,-0.08,-2.1,-0.55,-1.65,-0.38,-1.71,1.18,0.54,-0.68,-1.4,0.64,1.97,-1.61,0.23,-0.55,0.27,1.68,4.48
clinkz,-1.85,-0.69,2.06,1.55,-1.26,-1.9,-0.81,-0.31,0.07,-3.21,-4.84,2.0,-2.22,-9.25,1.55,-2.72,-1.46,0,-0.13,-1.46,2.26,1.42,-1.49,1.61,1.08,0.73,-1.29,-3.34,-0.23,1.19,1.39,0.72,-1.48,2.53,-0.44,1.0,0.79,1.43,1.17,-1.46,1.38,0.02,0.2,-0.23,-3.39,1.13,0.34,0.53,-0.47,-1.45,0.36,0.01,-2.09,0.19,-1.98,0.32,-9.11,-0.09,-0.75,-1.92,-8.02,-0.9,0.03,0.81,1.95,-1.49,-1.37,0.25,2.24,2.45,-4.03,-5.8,2.46,2.71,-2.24,-0.24,0.09,0.04,-2.3,-0.41,1.2,-0.6,-1.18,-0.05,1.26,-0.25,-1.67,-2.0,0.62,-1.3,-1.59,-2.52,3.23,0.94,-1.79,2.43,-1.87,1.58,0.21,-2.36,-0.64,-0.61,-1.96,-1.03,1.49,1.05,0.02,-1.46,1.14,3.08,1.89,-0.61,0.94,2.42,-0.4,-1.13,-0.04,-2.76,-0.34
clockwerk,-0.99,-0.58,-0.58,-3.28,-0.58,0.68,-0.1,-1.84,-1.68,0.59,0.33,1.25,-0.24,-6.8,-0.14,-1.34,-3.01,0.19,0,0.54,0.28,-0.91,-1.0,-1.39,-0.45,0.31,-0.44,1.92,-0.08,1.78,0.18,-1.78,-0.42,0.69,-1.23,0.44,0.99,-2.7,-0.7,-0.92,-0.07,-1.52,-0.31,-0.53,0.33,0.78,0.15,-0.27,-0.23,-0.09,-1.46,1.73,-3.08,-0.69,0.05,1.1,-2.57,-1.49,0.78,-1.16,-0.86,0.32,-1.18,-0.23,-0.15,0.03,-0.73,-0.05,-0.61,-0.56,0.48,-2.4,-1.97,-0.71,0.49,0.5,-1.69,0.36,-0.8,0.19,-0.93,-0.55,1.29,-0.29,-0.03,0.29,0.2,1.2,-2.05,1.46,-0.4,1.64,-1.5,1.27,0.41,-0.91,-1.49,1.42,-1.62,1.64,-0.38,-0.32,0.54,0.14,-0.24,-1.9,-0.28,0.36,-1.05,-1.32,-3.45,-1.75,-1.16,-0.27,1.47,-0.05,-0.28,-0.88,0.62
crystal-maiden,0.7,0.63,-0.08,0.63,0.17,-0.26,-0.31,0.97,1.89,-0.31,1.21,-0.52,-0.67,3.32,-0.25,1.36,0.77,1.19,-0.59,0,0.4,0.28,0.2,-0.32,0.14,0.55,1.44,-1.33,-0.68,-0.73,-0.24,0.33,1.72,-1.47,-0.25,-0.58,-0.21,0.97,-0.49,1.23,-0.41,-1.45,-0.02,-0.6,0.07,0.54,-0.42,-0.37,-0.76,-0.38,0.86,0.46,2.41,-0.6,-0.19,-0.54,2.4,0.3,-0.94,0.27,3.0,0.83,1.04,-0.13,-0.09,0.32,1.18,0.16,0.03,-0.14,-0.38,3.74,-0.69,-1.2,-1.76,-0.63,-0.32,1.14,0.58,-1.08,0.71,-0.18,-1.05,-0.76,-0.36,-0.04,0.24,1.37,-1.08,-0.77,0.11,0.77,0.82,0.03,-0.01,0.68,0.96,-0.64,0.3,0.53,-0.28,-0.05,1.48,0.14,0.23,-0.55,0.3,-0.09,0.55,-0.13,0.19,-0.24,0.15,0.91,0.19,-0.17,-1.2,1.4,0.21
dark-seer,2.62,1.34,-0.48,-2.59,1.06,0.16,0.91,-1.08,1.5,-1.31,-0.22,-2.17,-0.53,4.57,-0.47,3.04,3.55,-1.89,-0.33,-0.49,0,-0.04,0.11,-0.41,0.19,-1.82,2.65,0.49,1.28,-1.04,0.36,-2.15,-1.74,-2.38,-2.55,-0.69,0.12,-0.27,-1.98,0.92,-0.94,-1.02,-2.12,-0.93,-0.84,-1.02,-0.07,-0.18,-1.75,-0.84,-3.38,2.15,2.27,-0.44,0.29,2.37,2.73,-0.08,-1.36,-0.87,4.68,-0.96,2.22,0.42,0.25,0.44,2.49,-2.71,-1.36,-0.76,-0.52,5.82,-1.46,-0.6,-0.46,-0.15,-1.12,1.03,-0.02,-1.35,-1.29,0.81,-0.53,1.24,-0.41,-1.12,-0.85,-1.18,-0.6,-1.08,2.39,0.72,1.12,-2.93,-1.19,3.6,4.73,1.66,-1.95,-2.21,-0.64,1.86,0.0,1.36,1.79,1.98,-1.27,2.08,1.25,0.56,1.56,-1.49,-1.11,-1.45,-2.1,0.37,-0.65,3.0,-0.59
dark-willow,-0.81,-0.71,-0.37,-0.06,-1.19,-0.87,0.12,0.03,-0.37,-1.49,0.55,-0.83,-0.02,0.29,0.46,0.09,0.24,-1.14,0.93,-0.03,-0.05,0,-0.22,0.01,-0.07,0.08,0.41,0.33,0.03,-0.24,0.03,0.63,0.26,0.15,0.46,0.42,0.72,-0.06,-0.18,1.49,-0.23,-1.01,-0.12,-0.21,-0.3,-1.03,1.01,-0.74,-0.15,-0.17,1.82,0.37,-1.31,0.36,0.03,1.13,1.65,0.04,0.35,-0.05,-2.28,-1.99,0.44,1.7,-1.0,1.15,-0.79,-0.41,0.6,0.61,-0.02,-1.46,0.44,-1.02,0.32,-1.31,-0.3,1.02,-0.06,0.06,-0.62,-0.84,-0.61,0.08,-0.09,0.93,1.42,0.54,0.3,-1.09,-0.3,1.78,-0.42,0.79,-0.96,0.98,-0.16,0.18,0.37,-1.02,-0.14,0.07,1.06,1.76,-0.28,0.31,0.51,0.4,-1.08,-0.29,0.61,0.08,-0.12,-0.17,0.55,0.01,0.78,-0.08,-0.17
dazzle,-1.03,0.3,-2.06,0.95,1.1,-0.8,0.24,0.69,1.5,-0.88,0.21,-0.68,1.61,-0.11,2.52,-0.11,-0.1,1.56,0.99,-0.02,-0.26,0.24,0,0.87,-0.15,0.09,-0.26,-1.18,-0.18,-0.42,-0.44,0.57,0.89,-0.47,-0.41,-0.68,-0.69,-0.03,0.48,0.16,-0.11,0.44,0.35,0.01,0.95,0.79,-0.16,0.91,-0.96,0.18,1.98,-0.23,1.7,-0.57,-0.1,-0.6,-0.76,0.35,-1.53,-1.97,-0.57,-0.21,1.08,0.12,0.94,0.55,-2.04,0.54,-1.4,-1.73,-0.34,-1.92,-0.58,-0.5,0.96,-1.03,-0.24,-0.26,-0.12,-0.01,0.38,0.07,-1.52,0.41,-0.6,0.69,-0.42,-0.84,-0.11,-0.01,1.87,0.56,0.86,0.07,0.0,0.37,-1.12,-0.81,1.33,-0.82,-0.05,-0.35,-0.88,-0.5,-0.34,0.05,0.22,-0.86,-0.2,-0.08,0.76,1.0,0.14,-0.76,0.26,-0.47,-0.61,2.19,1.23
death-prophet,0.46,-0.24,-1.22,-2.33,-1.26,2.34,1.01,0.79,0.74,-0.13,-0.95,-0.66,-0.21,0.29,1.8,-0.6,-1.86,-0.94,1.52,0.87,0.45,0.06,-0.7,0,0.17,0.39,0.39,-1.08,2.64,0.95,1.99,1.18,-0.75,-0.04,0.96,0.29,0.43,2.95,0.18,-0.32,1.17,2.37,-1.02,2.17,0.28,0.55,1.1,2.27,-0.09,0.38,0.74,-1.73,-1.63,1.63,2.64,-4.1,0.6,-0.71,-0.02,-0.44,-1.61,-2.23,1.51,0.79,0.32,0.82,0.82,1.53,1.75,0.1,0.33,-1.5,1.6,1.62,1.96,0.22,-0.33,-0.57,-0.43,0.32,-0.07,-0.01,-0.18,-0.25,-0.51,0.63,-0.99,-0.04,1.97,-2.83,1.07,0.67,0.55,0.4,-1.21,2.62,-2.6,1.34,3.83,1.21,2.0,1.4,0.26,-0.03,1.31,-1.5,1.11,-0.43,0.4,1.07,2.02,1.84,0.85,-2.99,-0.55,0.99,-0.51,-1.0,0.65
disruptor,-1.23,-0.84,-0.25,1.4,-0.83,0.16,-1.21,0.23,-0.05,-0.75,0.06,-0.15,0.16,-1.57,1.1,0.03,-0.23,-1.1,0.42,0.04,-0.52,0.07,0.16,-0.05,0,0.43,-0.52,-0.45,-0.06,0.89,-0.56,-0.17,-0.72,1.17,0.27,-0.05,0.55,-1.3,-0.08,0.01,-0.27,1.02,0.1,0.16,-1.1,0.55,0.17,-0.69,-0.5,0.33,-2.46,0.14,-0.86,0.44,0.07,0.25,0.75,0.63,-0.24,0.48,0.68,-1.17,0.96,-0.34,0.7,0.67,0.33,-1.28,0.63,-0.36,-1.0,1.2,0.06,0.58,0.41,-0.23,0.36,0.28,0.63,-0.16,1.43,-1.06,0.14,0.09,0.73,0.14,-0.06,2.96,-0.03,-1.29,0.1,0.75,0.88,-0.84,0.04,-0.75,-0.84,0.32,-0.19,-0.88,-0.49,-0.18,-0.14,-0.51,-0.09,-0.31,0.27,-0.24,0.0,-0.72,2.31,0.51,-0.41,0.97,0.06,-0.65,0.02,0.27,0.33
doom,0.15,-0.56,1.16,0.57,-2.11,1.73,-0.64,-0.86,-0.74,0.41,-0.77,0.42,0.43,-3.37,0.44,-2.03,2.31,-0.35,-0.16,0.03,1.66,-0.07,0.01,-0.43,-0.29,0,0.48,-0.22,0.88,0.41,1.16,0.83,-0.98,-0.01,1.69,0.7,0.02,-2.05,-0.18,-0.89,0.58,1.58,1.27,1.07,0.19,-1.38,0.7,-0.34,-0.37,0.78,-2.65,-1.71,-3.83,1.27,1.7,-0.99,-2.48,0.31,0.08,0.93,-0.45,-0.99,1.61,-0.74,0.17,1.26,0.63,0.45,0.02,0.79,0.36,0.47,0.48,1.06,0.91,0.63,-1.15,-1.81,-0.27,0.65,-0.09,0.15,-0.22,-0.01,0.39,0.51,-0.39,1.0,1.2,-0.6,2.13,0.0,-0.11,0.93,0.15,0.61,-0.07,0.81,2.39,1.42,1.61,0.72,1.71,-0.05,1.63,-0.3,0.79,0.25,-1.45,-0.32,-0.2,1.86,1.24,-0.14,0.94,0.78,-0.66,-0.72,1.6
dragon-knight,-0.18,-0.27,-0.37,0.01,-2.25,1.16,0.7,-1.11,0.06,0.86,-0.66,-0.52,0.52,2.72,0.16,0.38,0.69,1.46,0.48,-1.07,-2.86,-0.41,0.28,-0.33,0.51,-0.48,0,-0.17,0.7,0.97,-1.06,0.55,-0.83,-1.15,0.76,0.27,-0.73,-2.54,-0.19,0.73,-0.42,0.41,-0.06,0.23,1.29,0.24,-0.61,-0.72,0.32,0.73,0.31,-0.51,-0.13,0.37,0.75,-0.65,-3.28,0.77,-0.53,0.94,1.17,-0.01,-1.98,0.8,1.42,0.29,-0.3,1.1,-2.89,0.01,0.93,-1.03,-0.25,2.7,-0.63,-0.74,0.57,-0.62,1.17,-0.21,-0.98,-0.95,0.3,0.44,-0.2,0.54,0.64,-2.15,-0.52,-1.19,-0.42,0.24,1.34,1.13,1.95,2.78,-1.28,-0.75,-0.59,1.09,1.21,-0.98,1.21,0.77,-2.1,-1.05,0.06,0.77,-0.99,-2.09,-2.13,1.76,-1.42,0.75,0.73,0.93,-0.9,0.12,0.27
drow-ranger,0.4,0.73,0.09,2.06,-2.68,0.11,1.45,0.47,0.88,-2.38,-0.19,-1.41,1.51,-2.21,-0.08,-1.48,0.36,3.08,-2.19,1.34,-0.91,-0.23,1.41,1.83,0.59,0.75,0.37,0,-1.82,0.26,-0.44,0.81,0.39,0.03,-0.43,1.08,-0.23,0.86,0.68,1.17,-0.03,0.47,0.0,0.38,-0.36,2.09,-0.03,0.61,0.81,0.56,4.47,-0.36,-4.26,-0.22,-2.87,0.19,0.85,-0.28,-1.27,-0.47,-1.95,-1.82,3.1,-0.31,1.01,-0.1,1.38,1.95,1.21,1.49,-0.99,-5.1,0.89,0.25,-1.9,0.68,0.08,0.61,0.48,0.73,-0.25,-0.73,0.26,1.69,0.79,-0.46,3.12,0.26,-0.85,-3.23,-2.64,-0.56,-0.1,0.13,-0.62,2.31,2.17,0.08,-0.07,-3.2,-0.61,-0.22,1.05,-0.62,1.11,-0.22,1.97,2.16,0.83,0.93,1.91,-0.63,-0.29,1.71,-0.07,-1.27,0.74,-1.15,-2.59
earth-spirit,-1.46,-1.25,0.44,1.07,1.91,0.35,1.06,-1.44,0.11,-0.57,0.33,-1.01,0.14,-0.53,-0.52,-0.18,-0.23,0.54,0.18,0.98,-1.4,-0.03,0.22,-2.67,0.1,-0.87,-0.69,1.88,0,-1.08,-1.67,0.12,-0.09,-2.05,-0.76,-0.88,-0.58,-0.9,0.38,-0.16,-0.55,-0.52,-0.18,-1.0,-0.07,-1.06,-0.03,-0.59,-0.66,0.05,0.03,-0.41,-1.97,-0.95,1.56,-0.49,-0.37,0.71,-1.27,1.61,1.1,1.46,-1.39,0.4,-0.89,0.9,-0.72,0.29,-0.45,-0.64,1.52,0.91,-0.14,-0.42,1.27,0.77,0.07,-0.94,-0.17,0.54,0.01,1.02,0.65,-0.19,-0.08,0.77,-0.36,-0.64,0.18,0.89,2.46,-1.24,0.62,-0.43,0.8,-1.36,0.34,-1.03,-1.28,0.23,-0.44,0.59,-1.08,-0.73,-0.48,0.01,-1.26,0.65,0.13,-0.81,0.36,0.22,0.16,-0.67,0.54,0.05,-0.33,0.17,0.91
earthshaker,1.06,-1.19,-0.16,1.98,0.22,0.08,0.6,-0.13,1.91,0.29,0.89,1.07,-0.08,10.73,0.25,2.18,1.6,-1.56,-2.09,0.8,0.68,0.18,0.38,-0.9,-0.96,-0.24,-1.12,-0.16,1.21,0,-0.2,-0.72,0.01,-0.16,0.41,-0.98,-1.4,-1.04,0.0,1.66,-0.83,-0.38,-0.84,-0.24,0.77,-0.82,-0.06,-0.23,-0.57,-0.48,1.08,-0.36,4.09,0.56,0.49,-0.73,11.29,0.4,-0.9,1.99,5.44,0.13,-0.16,-1.46,0.26,0.91,0.34,0.95,-0.25,0.84,0.58,4.09,-0.39,-0.31,0.8,-0.06,-0.07,-1.08,-0.17,-0.58,-0.31,0.54,0.19,-0.16,-0.31,-0.69,0.23,1.63,-0.65,-1.37,-0.43,0.23,0.66,-0.64,-0.06,-1.02,0.96,-0.14,-0.12,-0.35,-0.84,-0.04,0.44,0.57,-0.63,0.44,-0.6,0.4,-1.31,-2.44,1.16,0.2,0.22,1.0,0.27,-0.46,-0.18,0.44,-0.74
elder-titan,1.23,-1.78,-0.4,1.79,1.4,0.36,-0.19,-1.78,1.79,0.42,-1.35,-1.37,0.61,0.72,0.95,3.09,-1.77,-0.88,-0.11,0.41,-0.38,-0.04,0.43,-1.98,0.51,-1.28,1.02,0.45,1.65,0.04,0,-0.41,-1.85,-0.32,-1.05,0.39,-0.84,0.14,-0.47,1.35,0.37,-0.98,0.05,0.02,0.57,0.6,0.06,-2.6,-0.28,-0.45,0.11,-0.54,-0.7,0.26,0.9,0.63,12.21,0.59,-0.76,1.06,5.0,-1.33,0.34,-0.96,0.58,0.56,0.31,-0.66,0.51,-0.19,-0.86,3.2,0.22,-0.4,0.21,-0.32,-0.93,-0.84,-0.46,0.55,0.73,-0.65,-0.3,0.84,0.83,-1.02,-0.44,0.9,-0.2,-1.8,2.97,0.45,-1.17,-1.1,-1.08,-1.53,1.61,1.59,-0.01,-2.38,-1.04,1.28,-1.52,0.1,2.43,1.04,-1.3,0.51,-0.17,0.13,-0.12,0.15,-0.15,-0.71,-1.67,-1.43,-0.04,-1.24,-0.7
ember-spirit,0.15,-1.22,0.48,1.43,1.05,1.49,-0.76,1.25,1.09,0.85,0.4,-0.63,0.84,2.47,1.85,2.6,0.16,-0.65,1.74,0.2,1.79,-0.78,-0.6,-1.37,0.21,-0.9,-0.71,-0.27,-0.27,0.88,0.08,0,-1.39,-0.29,0.7,-1.53,0.13,-4.98,0.44,0.9,0.25,-0.36,1.26,1.88,-0.19,-0.27,0.47,-1.64,-0.02,1.1,-2.97,0.24,1.87,0.38,1.76,0.74,-1.46,1.14,-1.83,-1.9,3.09,-1.02,-1.6,0.28,1.0,1.32,-1.68,-2.29,-1.02,0.37,1.27,6.03,-0.13,-0.67,1.88,0.89,1.57,0.27,-0.42,0.88,0.6,1.63,-1.17,-0.07,-1.57,0.28,0.83,-1.85,0.33,0.47,3.69,1.66,0.24,-0.73,-2.42,3.06,1.51,0.01,-0.46,-0.69,1.08,-0.72,-2.33,1.34,-1.69,1.15,-0.72,0.27,-1.6,-0.96,-0.64,1.66,0.77,-1.25,2.64,0.28,0.97,1.22,3.4
enchantress,0.64,0.95,-0.36,2.26,1.0,0.19,0.33,-0.68,4.56,1.31,1.17,-1.03,-0.79,0.92,-0.21,-0.96,0.76,2.24,0.78,-0.36,1.74,-0.09,-0.5,0.81,1.07,1.02,1.02,0.84,0.18,0.5,1.79,1.37,0,1.33,1.32,0.56,-1.87,1.01,2.07,0.17,0.86,1.45,0.24,0.7,0.47,0.68,1.39,0.66,0.88,1.36,4.64,0.9,4.54,0.91,-0.76,-1.75,-0.11,0.34,1.52,-1.39,-3.87,-0.01,1.0,1.75,0.23,0.68,1.29,1.32,1.4,0.59,-0.54,-3.02,1.16,0.83,1.44,-0.87,0.05,0.68,0.39,0.93,-0.84,0.07,0.52,1.35,1.79,0.0,0.55,0.54,1.14,1.16,2.06,1.13,1.01,1.23,1.24,0.12,-0.22,0.4,1.13,0.16,1.33,-0.27,-0.48,0.76,1.26,1.28,0.71,0.71,1.22,1.67,3.21,0.71,1.32,0.11,1.4,0.4,0.29,-0.09,1.98
enigma,-1.1,-0.45,-0.4,-1.04,-2.0,0.61,-0.21,-0.02,1.05,0.6,0.88,-0.38,-1.66,1.11,0.07,2.55,-0.3,-2.09,-0.69,1.37,2.47,-0.23,0.39,0.05,-1.16,-0.08,1.11,-0.11,1.99,-0.12,0.27,0.0,-1.28,0,-0.5,-1.42,-0.6,1.44,-0.63,1.17,-0.42,-0.55,-2.56,-0.27,0.37,-0.41,-0.24,3.27,-0.2,-0.83,1.12,0.26,2.24,1.48,0.99,-2.58,3.63,-0.49,0.96,-0.43,4.61,-0.56,0.21,-0.31,-0.02,1.28,2.26,-1.52,1.4,1.0,-0.9,1.68,-0.63,-0.44,-0.13,1.03,-0.34,0.35,-0.75,-3.3,0.23,0.47,1.04,0.21,-2.02,-1.38,1.26,0.77,0.13,-2.61,-2.03,1.52,-0.51,1.55,0.81,1.55,1.69,0.11,0.61,-0.38,0.18,1.86,1.13,0.47,0.95,0.47,-0.19,-0.5,0.55,0.22,1.19,-0.78,-2.55,-0.2,-0.69,-1.61,-0.71,-1.53,-1.94
faceless-void,-0.01,-0.8,-0.24,-0.49,0.85,-1.67,-1.26,0.72,-1.8,1.23,0.73,2.5,0.11,-0.08,-1.22,-2.54,-0.18,-0.46,1.19,0.17,2.62,-0.41,0.56,-0.47,-0.17,-1.16,-0.72,0.43,1.33,-0.27,1.35,0.11,-0.07,0.41,0,-0.95,0.02,-1.25,0.39,1.8,0.82,1.38,0.89,0.17,-0.48,0.09,-0.02,2.76,-0.32,-1.6,-1.86,-0.27,-1.35,0.96,0.5,0.54,-3.42,-0.05,-0.33,0.57,-2.84,-0.81,1.19,0.17,1.26,0.16,1.54,-0.92,-0.19,0.79,1.04,-1.0,0.51,-0.05,-0.99,0.71,0.23,0.97,-0.95,-0.45,1.05,0.74,-0.47,-1.62,-1.04,-1.32,-1.27,-0.66,1.58,0.2,-0.33,0.26,-1.39,0.16,-1.08,-0.1,0.09,-0.7,1.47,-1.14,0.16,0.95,-0.74,0.74,0.7,1.72,-0.99,-0.99,-0.07,-0.39,0.45,-0.39,0.97,4.11,1.01,-1.09,1.01,-1.33,1.33
grimstroke,1.48,-0.24,-0.38,0.67,-0.4,0.5,-1.33,0.59,-1.29,-1.64,0.19,-0.45,1.19,2.44,0.44,0.76,-1.87,-0.74,-0.38,1.08,0.44,-0.48,0.71,-0.37,0.16,-0.71,-0.29,-0.49,0.87,1.07,-0.62,1.47,-0.46,1.3,1.45,0,-1.08,-1.27,0.55,-0.52,0.08,0.15,-0.03,0.74,0.75,-1.13,0.69,-0.06,-0.81,1.0,-1.52,-1.01,-2.16,0.51,-0.42,-0.55,0.95,-0.11,-0.47,0.89,1.94,-0.52,2.34,-0.16,0.79,1.7,0.5,0.2,0.91,1.83,0.63,2.4,-0.43,0.01,2.21,-0.82,-0.04,-1.81,0.43,0.17,0.72,-1.64,-0.57,0.91,-0.45,0.02,-0.49,3.06,0.07,-0.89,-0.25,0.84,1.42,0.02,-0.08,-0.34,0.04,1.5,2.35,-0.88,0.55,0.34,0.79,0.15,0.93,0.56,0.75,-0.95,-0.59,-0.66,-1.38,1.01,-0.55,-0.05,0.47,0.18,0.42,0.6,0.66
gyrocopter,-1.39,1.54,-1.23,-0.46,-2.18,1.54,0.26,0.38,2.21,1.57,1.43,0.92,-0.21,1.18,-1.53,1.99,-0.35,-0.14,-0.72,0.92,-0.15,-0.6,0.85,-0.46,-0.31,-0.01,0.78,0.91,0.57,1.54,0.78,-0.18,1.96,0.59,0.85,1.06,0,0.38,0.99,-0.37,-0.2,-0.23,0.96,0.05,1.03,1.25,0.0,-2.06,1.53,1.43,1.92,0.02,3.24,-0.25,-1.85,-1.16,2.17,0.66,1.1,-0.22,2.94,0.02,0.84,1.54,1.0,0.22,-0.86,0.04,-1.27,0.42,1.83,1.16,-0.71,1.1,1.16,1.2,-0.69,1.58,1.42,0.14,-0.17,-0.69,0.42,1.35,0.1,0.69,1.62,0.86,-0.84,-0.46,-0.87,0.6,0.5,0.52,-0.28,2.13,0.19,-0.33,1.66,0.56,0.9,-0.47,2.15,0.8,-0.98,1.55,0.76,1.54,0.51,-0.23,2.58,0.22,-0.51,1.73,1.16,0.76,0.09,-0.16,-0.32
huskar,0.14,5.07,-8.07,3.58,-0.33,-0.38,0.83,2.11,-0.28,0.1,2.02,1.05,-2.69,-0.35,-1.24,-2.11,3.68,-0.92,2.72,-0.37,0.17,0.08,0.14,-2.97,1.34,2.03,2.54,-0.27,0.91,1.06,-0.17,4.74,-1.01,-1.48,1.59,1.25,-0.36,0,0.39,1.55,1.27,0.93,-0.25,1.27,-0.47,0.89,0.12,-0.84,-1.06,-0.8,4.35,0.04,1.65,3.19,1.13,0.43,3.08,0.62,1.03,-1.94,-0.99,-0.94,-4.99,3.17,-0.56,1.74,2.55,1.06,1.62,0.75,-0.81,-3.21,1.39,1.63,-0.32,1.49,2.05,0.17,-0.22,1.27,0.04,0.23,-0.86,-0.48,0.95,-1.07,1.19,0.68,0.52,-1.51,1.48,0.95,1.09,2.71,0.34,5.75,-0.01,1.38,-2.58,-0.2,1.07,1.79,-0.31,0.64,1.72,-0.87,-0.03,0.39,2.39,-4.15,-0.84,1.74,2.12,-0.54,-1.66,2.86,-1.33,-0.26,2.68
invoker,1.06,-1.3,-0.24,0.76,0.66,-0.13,0.11,-0.14,-0.64,-0.66,-1.62,1.2,-0.13,-3.4,0.19,0.9,-1.16,-2.43,0.38,0.36,1.65,0.13,-0.67,0.17,0.04,0.73,0.17,-0.8,-0.27,0.06,0.44,0.19,-1.3,0.3,-0.37,-0.06,-0.46,-0.11,0,-0.37,0.36,0.47,-0.17,0.04,-0.12,1.26,0.56,-0.8,-0.34,0.07,0.2,0.09,-2.83,0.69,-0.35,3.07,0.88,-0.4,-0.1,-0.54,0.76,-1.23,0.94,0.25,-1.06,0.96,0.69,-0.42,0.35,0.23,-1.58,-1.04,0.68,-1.23,0.05,-0.49,0.22,-0.33,-2.47,0.12,-0.41,-0.31,0.49,0.28,0.51,-0.4,-0.46,1.14,-0.07,-0.87,2.35,0.27,-0.16,0.45,0.07,-2.7,0.9,0.49,0.63,0.64,-0.47,0.87,1.95,-0.8,1.85,0.19,0.15,-0.65,0.15,1.39,-0.42,-3.15,0.29,-0.67,-0.14,-0.49,0.0,1.36,0.96
io,1.96,0.0,-0.91,3.2,2.64,0.25,1.13,-1.59,-1.81,0.74,-0.88,1.13,-0.29,-0.84,0.54,-0.17,0.51,1.87,1.06,-0.51,-0.99,-1.4,-0.05,0.31,0.09,0.8,-0.67,-0.58,0.17,-1.4,-1.33,-0.97,-0.18,-1.16,-0.91,0.48,0.37,-1.53,0.64,0,0.37,1.66,-1.05,-1.26,1.12,1.18,-1.02,0.47,-1.05,0.23,-1.08,-0.59,0.96,-0.75,-0.39,-0.77,-1.97,0.89,-1.46,-0.36,-2.26,0.69,0.7,0.87,1.9,0.97,0.28,1.75,-2.63,-1.09,0.5,0.54,2.02,0.94,1.48,0.5,-0.3,-1.15,1.04,-0.57,-0.13,2.08,-0.01,0.52,0.96,1.16,-1.08,-0.46,0.75,-0.11,3.7,0.72,1.23,-0.3,0.32,0.77,-2.3,0.24,-0.76,1.03,-0.09,-0.44,-2.12,-0.66,-1.72,0.71,-0.76,-0.39,-0.16,-0.85,-0.85,0.86,1.43,0.09,0.24,-0.77,-0.26,0.95,2.83
jakiro,-0.9,-1.24,-0.25,0.37,0.01,1.37,-0.61,-0.36,2.15,-0.21,0.42,0.57,-0.88,0.87,0.72,2.64,0.35,-1.47,0.05,0.46,0.9,0.28,0.13,-1.0,0.28,-0.4,0.5,0.02,0.73,0.74,-0.35,-0.15,-0.37,0.42,-0.76,0.09,0.53,-1.18,-0.5,-0.16,0,-1.64,-0.3,0.36,-0.76,-1.02,0.45,-1.41,-0.84,-0.39,2.45,0.6,1.64,-0.23,0.47,1.46,7.75,-0.31,0.42,-1.02,4.64,0.22,0.34,0.01,0.52,0.45,-0.46,-0.84,-0.32,-0.87,-0.11,2.05,0.05,-0.01,0.14,-0.34,-0.27,-1.24,0.67,-2.31,0.17,0.73,-0.08,0.53,-0.17,-0.12,0.31,-1.15,-0.85,-1.06,2.4,1.26,-0.62,-0.32,0.12,1.44,1.29,-1.06,0.2,0.24,-0.17,0.35,1.52,0.72,-0.34,-0.3,-0.04,0.45,-0.27,-0.9,2.28,0.05,1.16,-0.71,-0.89,-0.47,0.08,2.18,-0.11
juggernaut,-1.11,1.07,-0.14,-1.76,0.04,-0.68,-1.82,1.88,-0.4,2.32,-0.17,-0.46,0.66,-1.42,2.76,0.25,-1.64,-1.18,1.65,1.51,0.79,1.54,-0.33,-1.99,-0.92,-0.85,-0.17,-0.5,1.28,0.8,1.44,1.71,0.28,0.6,-1.41,0.87,1.72,-0.26,-0.41,-1.17,1.98,0,1.66,2.15,-1.52,1.1,0.19,0.85,-0.69,-1.69,-1.36,-0.12,0.26,0.47,0.57,0.5,-0.41,-0.17,0.3,-2.36,2.32,-1.82,-0.92,-1.67,1.52,0.83,-1.84,0.31,0.35,2.3,0.4,0.68,2.44,0.36,-0.63,-0.02,-0.23,-1.56,-2.63,-0.13,1.54,0.32,0.6,-1.74,0.13,-2.0,2.06,-1.58,0.34,-0.98,2.19,-0.55,-1.08,0.12,0.23,-0.26,0.04,3.17,-0.05,1.12,0.29,2.6,-0.2,0.55,4.33,1.48,-2.84,-0.69,2.27,2.94,-2.25,-1.3,0.83,-2.08,-2.09,-0.94,0.16,-0.41,1.79
keeper-of-the-light,2.3,0.15,-0.05,0.89,0.03,-0.27,-0.17,-0.33,1.27,-0.67,0.51,0.59,-0.15,1.03,-0.06,2.64,-0.18,0.3,0.53,0.73,2.07,0.17,-0.17,1.01,0.06,-1.23,0.12,0.6,0.19,0.97,-0.12,-1.25,-0.18,2.53,-0.01,0.04,-0.98,0.27,0.64,1.09,0.52,-0.24,0,0.29,0.57,0.69,0.93,-0.6,0.47,0.92,1.48,0.55,1.21,0.47,0.12,2.05,2.1,0.52,0.78,-0.92,2.02,0.29,-0.33,-0.31,-0.48,0.65,1.8,-0.27,0.56,0.25,-0.88,3.95,0.96,0.19,1.46,0.15,-0.55,-1.13,0.01,-0.05,0.94,0.64,0.26,0.17,0.28,-0.42,-0.05,1.62,-0.43,-0.52,1.35,1.34,-0.17,0.87,0.9,-0.24,2.09,1.02,-0.23,0.34,0.01,1.86,1.94,0.07,-0.06,0.03,1.28,0.2,-0.52,0.53,1.65,0.25,1.22,0.08,0.37,0.08,0.69,1.79,0.99
kunkka,0.98,-1.42,-0.1,3.0,1.56,1.04,0.39,-0.63,3.59,-0.4,-1.23,-0.39,-0.28,8.69,1.33,2.38,2.24,0.36,0.55,1.03,0.64,0.14,0.0,-2.32,-0.11,-1.08,-0.3,0.08,0.96,0.39,-0.21,-1.9,-0.6,0.07,0.5,-0.75,-0.03,-1.31,0.45,1.22,-0.23,-0.9,-0.32,0,1.83,-0.37,-0.2,-1.95,0.14,1.37,1.69,1.06,3.15,0.14,1.17,1.56,5.07,0.42,-1.13,-0.21,4.27,0.5,-0.79,-0.08,1.74,0.94,0.61,1.48,-2.41,-0.85,0.42,2.74,-1.38,0.98,1.65,0.28,0.81,-1.52,-0.14,0.02,0.05,-0.07,-0.04,0.71,-0.9,0.8,-0.5,-0.03,-0.02,-0.97,1.9,1.01,0.91,0.73,0.31,0.03,0.38,0.52,-1.23,0.79,0.25,-0.48,0.58,0.98,-1.17,-0.79,-0.46,0.8,-1.44,0.81,0.69,0.29,-0.79,-0.85,1.06,-0.59,0.1,1.27,0.74
legion-commander,-0.49,-0.3,-0.23,5.14,1.76,-0.19,-0.26,1.68,0.07,1.12,1.07,0.61,2.23,4.32,-0.1,0.22,0.05,3.02,-0.58,-0.13,0.48,0.4,-1.01,0.21,1.28,0.39,-1.4,0.35,0.35,-0.72,-0.64,0.82,0.7,-0.67,0.48,-0.32,-0.45,1.1,0.1,-0.86,0.77,1.48,0.0,-1.49,0,0.29,-1.83,-0.9,-0.7,-1.38,-1.59,-0.92,1.55,-1.09,-2.1,-1.58,-2.35,0.52,-2.6,-1.5,2.97,1.24,-0.62,-0.13,1.25,1.3,-2.15,-2.94,-2.27,-1.82,-1.07,1.51,0.76,1.03,-0.38,-1.46,1.49,-0.61,0.52,0.32,-0.8,-1.38,-0.81,0.02,1.96,0.62,-0.88,0.44,-0.86,0.37,-0.78,-1.72,0.5,-0.33,0.24,-1.29,0.45,-0.01,-0.54,-0.59,-0.89,-1.2,-3.3,-1.57,0.52,0.98,-1.68,-0.85,2.0,1.85,0.27,0.38,1.89,1.41,0.72,-2.88,-0.56,-1.36,0.13
leshrac,-0.77,0.68,-1.1,-1.47,-0.93,1.03,-0.29,1.02,-0.01,-1.32,-0.05,0.55,-1.26,0.9,-0.06,1.79,0.35,-0.71,-0.65,-0.3,0.98,0.99,-0.78,-0.51,-0.5,1.22,-0.3,-1.77,1.03,0.62,-0.62,-0.01,-0.64,0.37,-0.01,0.96,-1.25,-0.95,-1.19,-1.25,0.97,-0.69,-0.65,0.2,-0.25,0,0.91,-2.0,-1.29,-0.16,0.79,-2.08,0.41,0.85,1.45,-2.7,6.39,0.09,0.22,-0.36,8.45,-1.06,0.48,0.7,-1.62,0.06,1.34,1.34,-1.09,0.33,0.75,6.39,-0.36,1.24,-0.46,1.07,-1.25,-2.33,1.58,0.17,1.35,0.76,0.23,-0.19,-0.12,-0.3,0.39,2.72,0.67,-2.57,1.04,0.47,0.52,-1.5,-0.95,0.43,0.37,1.34,1.03,1.44,0.93,1.6,-0.34,0.55,1.61,-1.77,-1.13,0.06,-1.42,-1.94,0.8,0.8,1.42,-2.33,-0.56,0.36,-1.0,0.15,1.24
lich,0.9,0.17,-0.52,-1.68,1.04,0.38,-0.97,-0.14,-0.32,-0.83,0.44,-0.57,-1.15,-0.88,-0.63,2.29,1.07,-0.46,-0.2,0.45,-0.11,-1.01,0.19,-0.91,-0.15,-0.49,0.69,0.04,0.19,0.01,0.01,-0.34,-0.87,0.24,-0.04,-0.5,0.35,0.07,-0.68,1.41,-0.44,-0.13,-0.66,0.35,1.63,-0.92,0,1.17,-0.7,-0.35,-0.25,1.06,-2.34,0.27,0.15,0.36,5.51,-0.5,1.42,-0.92,2.64,-0.79,0.93,0.19,-0.3,0.9,1.67,-0.52,-0.29,-1.41,0.22,-0.19,-1.75,-0.53,0.04,-1.28,-0.41,-0.05,-0.57,-0.58,-0.74,-0.92,-0.24,0.12,-0.18,-0.45,0.75,-0.49,-0.47,-1.13,-0.71,1.39,-0.3,0.29,-0.58,0.16,1.2,0.66,-0.82,-1.51,-0.45,0.48,0.3,1.78,0.56,-0.39,0.85,0.34,-0.17,-0.16,-0.79,-0.68,0.1,-1.33,0.21,0.41,-0.12,0.63,-0.33
lifestealer,-0.61,1.35,-1.6,0.72,0.32,0.71,-2.54,1.4,-1.78,2.77,-0.1,0.48,-0.45,-2.54,1.37,-1.5,0.8,-0.63,0.18,0.53,-0.12,0.72,-0.94,-2.33,0.69,0.46,0.72,-0.4,0.64,0.23,2.78,1.71,-0.29,-3.66,-2.19,0.14,2.42,0.97,0.78,-0.42,1.41,-0.33,0.78,2.06,0.98,2.08,-1.15,0,-0.42,-0.2,0.92,-0.08,-0.58,-2.21,1.14,-2.09,-0.77,0.08,-0.94,-1.96,0.18,-2.35,-0.07,0.18,1.65,1.46,-1.36,-0.46,0.84,-0.96,-0.41,-1.1,2.12,0.89,0.23,0.75,-1.29,-2.64,-1.78,0.48,0.57,-0.49,1.0,-0.8,0.5,-0.47,-2.37,-1.35,0.82,0.16,3.8,-1.79,-0.74,1.67,1.87,-2.2,-2.22,0.48,0.27,1.65,1.49,-1.15,-0.57,-0.35,2.41,1.67,-1.57,-1.42,1.82,2.18,0.46,-0.35,0.92,-1.2,-1.69,-1.61,0.22,1.21,3.57
lina,1.18,0.03,0.53,1.97,-0.62,-0.31,0.18,0.35,-0.12,-0.84,0.02,-0.14,-0.59,2.59,-0.79,0.27,0.4,-0.1,-0.16,0.85,1.19,-0.15,0.79,0.02,0.36,0.44,-0.6,-0.66,0.54,0.55,-0.14,0.15,-0.57,-0.31,0.61,0.92,-1.59,1.11,0.52,1.07,0.67,1.14,-0.49,-0.12,0.85,1.02,0.55,0.36,0,0.33,1.01,-1.38,-0.89,0.72,-0.07,-1.16,2.99,-0.06,0.46,1.87,1.46,-0.81,1.2,0.22,-0.99,0.76,0.29,1.2,0.39,0.65,-0.29,0.34,1.87,0.17,0.77,-0.96,0.72,-1.47,-0.5,-0.29,-0.36,0.26,0.9,0.24,-0.3,0.15,0.72,1.45,0.85,-1.65,-0.14,-0.61,0.37,-0.02,-0.76,-0.87,0.08,-0.3,0.77,-0.96,-0.01,1.0,1.68,0.16,0.34,1.03,0.68,-0.32,0.32,-0.56,-0.64,-0.07,0.25,-0.79,0.06,-0.37,0.32,0.21,0.18
lion,1.6,-0.1,0.51,0.73,-1.19,-0.66,-0.38,0.77,-1.9,0.43,1.27,0.75,0.85,1.69,-1.03,-0.59,-0.5,0.04,-0.64,-0.05,-0.16,-0.11,-0.57,-0.13,-0.64,-0.4,-1.16,-0.88,-0.04,0.54,0.11,-0.55,-0.24,0.27,1.57,-0.62,-1.07,1.33,-0.12,0.02,0.0,1.69,-0.48,-1.1,1.36,-0.18,-0.06,0.23,-0.07,0,-0.42,-0.63,0.15,0.18,-0.98,-0.6,0.55,-0.15,-0.08,1.49,1.6,-0.3,0.48,-0.63,1.33,0.75,-0.01,-0.38,-0.76,-0.23,-0.44,0.72,0.49,0.15,0.09,-0.81,-0.2,-1.37,0.05,-0.78,-0.67,-0.41,0.75,-0.38,-0.92,-0.01,0.79,1.53,-0.22,-0.33,-1.12,-0.73,0.95,-0.11,1.08,-0.76,0.24,-0.94,1.01,0.09,-0.34,-0.71,1.97,-0.08,-0.81,-0.82,0.55,-1.03,-1.2,-0.25,-1.77,0.27,-0.26,0.5,0.78,-0.9,0.14,-0.01,0.59
lone-druid,0.93,0.72,0.22,5.03,2.74,1.38,1.8,-0.98,-2.27,1.65,-1.25,-1.87,-3.11,-3.38,1.63,-1.53,-4.81,0.08,1.45,-0.56,3.39,-1.8,-1.89,-0.79,2.25,2.47,-0.33,-3.71,-0.06,-1.1,-0.06,2.56,-4.65,-1.15,1.55,1.3,-1.95,-4.36,-0.35,1.07,-2.25,1.23,-1.56,-1.8,1.3,-0.78,0.23,-0.97,-1.29,-0.05,0,-1.47,-0.11,0.49,2.82,-2.84,0.17,1.15,-2.62,-2.19,-5.01,-1.18,0.64,2.51,0.34,0.74,-0.53,-0.05,-1.97,-3.42,-2.38,-2.98,-2.19,3.43,1.98,-0.15,0.0,-2.16,0.03,-0.33,-1.24,2.31,-0.02,1.81,2.19,1.46,-1.84,-0.37,-0.59,-1.78,3.8,0.59,2.72,-1.34,0.87,-1.78,-1.73,-2.66,0.9,2.69,0.34,-1.8,-2.19,-0.87,-3.71,-0.86,-1.32,-0.57,-0.12,-1.71,-0.67,1.3,-0.94,-1.75,-1.21,-5.06,-1.15,0.52,4.49
luna,-1.65,1.37,-0.39,1.25,-2.23,1.11,1.17,-0.68,0.32,0.73,0.74,-0.11,-3.0,-1.57,-0.44,0.03,0.72,0.09,-1.75,-0.27,-2.44,-0.41,0.24,1.96,-0.13,1.78,0.54,0.41,0.44,0.26,0.56,-0.28,-0.56,-0.31,0.28,1.03,0.19,0.06,-0.19,0.7,-0.57,0.26,-0.43,-1.07,0.83,2.17,-1.01,0.05,1.06,0.23,1.54,0,0.19,-0.2,-0.36,-2.11,-1.43,0.9,1.59,0.8,0.32,-0.67,1.21,1.42,-0.52,0.17,2.03,-0.18,0.13,0.5,0.08,-1.38,0.08,2.39,-0.91,1.2,0.23,2.2,1.38,-1.83,-1.69,-1.72,0.7,1.32,1.06,-0.63,2.32,-0.6,-0.47,-1.3,-3.0,0.05,0.41,0.5,-1.1,0.75,-0.96,0.24,1.21,0.04,-0.15,-0.55,-0.06,0.03,-0.85,2.39,-0.36,1.43,-0.03,-0.67,-1.23,0.98,-0.94,0.73,0.52,0.38,-0.69,-0.91,-1.27
lycan,2.2,-0.68,3.82,2.41,6.8,-0.47,5.24,-1.0,1.66,-1.7,0.23,0.2,-3.1,1.78,-0.19,-0.81,-0.55,2.98,3.37,-0.75,-2.16,1.51,-1.11,1.7,1.28,3.79,0.39,4.96,2.09,-2.9,0.78,-1.56,-4.37,-1.98,2.68,2.24,-3.07,-1.35,3.59,-0.84,-0.87,1.74,-1.09,-2.71,0.14,-0.19,2.86,1.05,1.29,1.29,0.19,0.3,0,-0.22,1.75,-3.11,-2.62,2.83,-1.76,-0.38,-8.48,-1.53,-0.03,4.87,1.72,3.42,-2.39,3.61,2.48,-2.3,-1.24,-3.87,-1.01,0.95,4.45,1.4,-0.09,1.19,1.9,1.59,1.02,4.03,0.54,0.22,2.98,2.57,0.35,0.99,2.34,1.88,3.09,-1.16,0.19,-2.04,0.67,1.1,-2.01,-2.05,-2.18,0.84,1.8,-0.12,-2.48,1.57,-1.99,-0.82,0.34,1.09,1.72,1.1,3.43,2.01,-0.7,-1.45,2.28,-2.26,-0.3,1.03,3.36
magnus,-0.07,-1.0,0.39,2.77,1.73,0.01,-1.03,0.06,-0.46,-0.48,0.28,-0.26,0.63,4.34,0.23,1.04,0.0,-0.17,0.65,0.78,0.17,-0.4,0.55,-1.64,-0.45,-1.22,-0.41,0.36,1.03,-0.53,-0.4,-0.37,-0.7,-1.71,-0.59,-0.46,0.4,-3.27,-0.52,0.92,0.23,-0.02,-0.39,-0.11,1.14,-0.98,-0.22,2.2,-0.8,-0.17,-0.64,0.18,0.7,0,0.37,-0.65,0.63,0.39,-0.75,0.01,1.29,0.55,-1.79,-0.5,0.14,1.22,-1.54,-0.09,-0.07,-0.75,-0.04,2.56,-0.75,0.32,1.67,-0.18,-0.58,-2.07,-0.35,-1.08,1.22,-0.65,0.49,-0.05,-0.04,0.6,-0.11,0.04,0.56,-0.51,0.77,0.24,0.67,0.13,0.72,-1.65,-0.87,-0.49,-0.66,-0.93,0.22,0.74,-2.9,1.13,0.73,0.66,-1.75,0.27,-1.07,-0.71,1.11,0.24,1.01,-1.03,-0.21,-1.79,0.15,0.13,0.66
mars,-0.68,-1.41,0.35,-0.71,1.61,-0.08,-0.39,-0.7,-0.46,-0.58,-0.22,-1.21,0.79,2.99,0.15,-1.09,-1.94,1.9,-0.15,0.34,-0.66,-0.07,0.07,-2.71,-0.08,-1.64,-0.81,2.8,-1.66,-0.48,-1.09,-1.7,1.25,-1.22,-0.28,0.56,2.17,-1.11,0.33,0.56,-0.46,-0.19,0.09,-1.12,2.01,-1.66,-0.14,-1.14,-0.03,0.75,-3.14,0.31,-1.31,-0.36,0,0.74,-2.33,0.02,0.11,-0.05,-0.64,1.42,-0.46,-1.88,-0.33,0.56,-0.03,0.34,-1.5,-0.52,0.39,-3.19,-0.68,-0.57,0.74,-1.29,-1.46,-1.18,-2.42,0.4,-0.09,-0.27,0.2,0.23,-0.25,-0.36,0.09,2.28,-0.64,2.35,-0.72,1.54,-1.38,0.22,0.45,-1.58,-0.6,0.14,-1.33,-1.76,-1.1,1.13,1.61,-0.08,-1.02,-1.59,0.74,0.86,-0.8,-0.53,-2.04,-1.82,-1.75,1.64,2.79,-0.98,0.78,0.31,0.95
medusa,1.04,-1.13,-0.32,-6.86,-2.33,0.38,-0.13,1.42,3.73,1.86,-0.09,1.49,-2.07,-4.57,-2.03,3.12,2.41,-0.17,-1.03,0.6,-2.59,-1.12,0.57,4.39,-0.28,1.01,0.67,-0.16,0.54,0.52,-0.63,-0.84,2.09,2.64,-0.48,0.54,1.38,-0.38,-2.85,0.87,-1.42,-0.33,-1.99,-1.61,1.31,2.8,-0.32,1.93,0.79,0.07,2.97,2.08,3.71,0.6,-0.77,0,2.95,-0.52,-1.17,-0.88,3.35,-0.27,2.28,0.58,-4.02,-0.73,0.33,1.67,3.46,-1.6,0.82,0.04,1.61,2.16,-0.24,1.49,2.44,1.65,-1.59,-1.93,-0.68,-0.2,1.07,0.33,1.68,1.38,2.03,-2.58,-0.4,-4.17,0.61,1.25,2.31,0.8,2.14,3.83,0.05,-0.96,1.01,0.33,0.33,-0.97,0.6,0.3,-2.74,3.94,-0.9,2.19,-0.03,0.72,3.07,0.73,1.23,1.08,-0.01,-0.66,0.17,-0.19,-0.74
meepo,1.98,2.78,-1.75,9.35,7.07,-0.74,6.06,-5.24,1.04,1.5,3.71,-0.73,-0.06,10.05,-1.81,3.28,3.07,9.01,2.59,-1.68,-2.77,-1.57,0.79,-0.57,-0.67,2.33,3.17,-0.39,0.34,-9.95,-12.23,1.14,0.09,-3.58,3.14,-1.01,-2.15,-3.05,-0.57,1.93,-7.17,0.81,-2.05,-4.93,2.21,-6.38,-5.0,0.73,-2.87,-0.46,-0.2,1.43,2.8,-0.59,2.16,-2.78,0,3.07,-3.12,0.29,-0.66,3.49,-2.95,3.33,0.35,3.58,-0.19,0.9,-6.57,-6.21,1.41,2.92,-2.05,0.65,1.04,-2.24,0.95,0.15,3.58,-0.6,-4.36,1.83,-6.25,4.16,0.78,0.79,1.33,-1.46,-4.96,-0.53,1.01,2.48,3.98,-4.43,-2.54,5.81,-2.59,-1.89,-4.78,-2.61,-1.19,-2.11,-3.3,1.67,-5.88,1.95,-0.21,1.79,-2.63,-1.89,-2.26,2.95,-3.24,1.06,-0.98,-9.78,-1.32,2.78,1.42
mirana,-0.61,0.18,1.2,0.38,-0.02,-1.15,-1.22,0.0,-1.11,-1.23,-2.26,0.91,-0.08,-2.43,0.11,-0.11,-1.28,-0.16,1.61,-0.3,0.02,0.17,-0.26,1.3,-0.53,0.17,-0.62,0.23,-0.38,-0.36,-0.43,-0.74,0.65,0.63,-0.1,0.59,-0.02,-0.25,0.14,-0.47,0.38,0.03,0.1,0.0,-0.59,0.13,0.57,0.05,0.05,-0.34,-1.07,-0.82,-1.97,-0.21,0.1,0.69,-3.05,0,0.32,0.56,-2.69,0.06,-0.65,0.6,-0.49,-0.21,-1.18,0.24,-0.19,0.53,-0.13,-1.63,0.57,-0.75,-0.56,0.0,-0.2,-0.04,-0.57,-1.14,0.16,-0.86,-0.31,0.08,0.14,0.12,-0.32,0.54,0.23,0.04,0.14,-0.46,-0.28,0.22,-0.93,-0.69,-1.33,0.21,0.23,0.94,-0.76,-0.21,-0.06,-0.49,-0.8,0.75,0.4,0.14,-0.13,0.03,-1.14,-0.49,-0.06,0.53,-0.14,-0.39,0.72,-0.82,-0.42
monkey-king,1.1,4.49,-2.13,3.03,-0.71,1.72,0.94,-3.03,-1.63,0.58,-0.81,-1.43,0.6,4.98,1.6,1.38,1.98,0.6,-0.91,1.11,1.05,-0.47,1.53,0.07,0.22,0.0,0.47,1.4,1.29,0.91,0.58,1.96,-1.29,-1.29,0.63,0.54,-1.07,-1.06,0.26,1.59,-0.42,0.27,-0.77,1.25,2.6,-0.43,-1.41,0.94,-0.48,0.21,2.62,-1.72,2.49,0.74,-0.11,1.11,3.35,-0.15,0,-0.66,0.01,0.69,-0.33,-0.06,0.2,-0.12,0.49,0.32,-1.83,0.53,0.3,0.81,-1.19,2.02,0.93,-1.15,-2.0,-1.55,0.94,0.22,-0.52,0.33,0.82,0.24,-0.15,-1.56,0.18,-1.29,-0.63,-1.75,1.35,0.24,-0.9,1.26,-0.92,2.04,-1.32,1.24,-0.37,-3.27,-0.26,0.14,-0.85,0.84,1.5,1.0,-0.58,0.33,-2.21,-1.91,1.14,1.53,1.61,-0.47,-1.72,-0.33,-0.13,1.78,-1.66
morphling,0.52,2.46,-4.73,-2.5,3.74,-2.36,-1.42,-0.49,-0.62,1.88,0.65,1.25,1.82,-2.77,-1.41,-1.22,0.6,1.85,1.08,0.01,0.52,-0.04,1.96,0.48,-0.48,-0.9,-1.06,0.66,-1.73,-1.9,-1.35,2.0,1.88,0.18,-0.14,-0.85,0.4,2.09,0.67,0.42,1.03,2.52,1.08,0.26,1.58,0.21,0.95,1.98,-1.84,-1.16,2.18,-0.86,0.86,-0.02,0.05,0.84,-0.38,-0.35,0.65,0,-1.91,2.18,0.63,-0.84,-2.58,0.37,2.92,-0.89,-5.34,0.23,2.64,-2.75,2.21,-3.57,0.52,-0.77,-1.23,2.82,-0.17,-2.4,-1.19,0.68,-1.61,-0.25,0.3,-1.68,0.27,-0.2,-0.19,4.0,1.12,0.74,-2.37,0.58,-3.25,0.37,-0.91,-0.31,-1.58,-2.36,-2.5,1.8,0.2,0.48,0.75,2.43,-1.22,0.8,1.27,3.14,-1.89,-1.65,0.96,1.49,0.97,1.27,2.07,0.78,-0.19
naga-siren,0.52,-0.23,2.96,0.79,3.04,-2.68,5.84,-0.63,3.53,1.08,4.73,0.0,-0.42,5.93,-2.73,5.15,5.09,7.96,0.89,-2.24,-4.64,2.21,0.59,1.57,-0.55,0.36,-1.19,1.92,-1.09,-4.83,-5.02,-3.16,3.76,-4.51,2.59,-1.97,-2.95,0.9,-0.56,2.29,-4.23,-1.38,-2.02,-4.18,-2.31,-8.3,-2.3,-0.19,-1.55,-1.36,4.98,-0.23,8.62,-1.22,0.58,-3.05,0.67,2.74,-0.1,1.67,0,2.02,-3.88,6.4,0.81,3.62,-0.31,0.84,0.51,-1.69,-0.52,2.01,-2.59,-1.99,0.99,0.81,-0.53,3.37,3.2,-1.12,-6.25,1.53,-1.36,2.57,3.97,1.47,4.24,1.32,-3.15,-1.0,0.92,1.83,-1.42,-3.66,0.46,3.6,3.57,-2.04,-3.83,-1.42,-0.92,-0.95,1.84,1.81,-6.99,0.74,1.02,1.98,0.14,2.58,5.55,0.97,-1.12,1.99,0.76,-0.82,-0.21,4.04,-3.12
natures-prophet,0.82,0.49,0.67,1.0,0.14,-0.17,1.0,-1.37,0.17,1.92,-0.08,0.26,0.98,-3.56,0.5,-1.22,0.57,1.18,-0.27,0.06,0.54,1.93,0.27,2.11,1.26,0.97,-0.06,2.49,-1.62,0.28,1.03,1.04,-0.01,0.25,1.85,0.51,-0.16,0.86,2.01,-0.87,0.0,2.97,-0.4,-0.47,-0.09,0.88,1.02,2.45,1.02,1.38,0.88,0.71,1.68,-0.44,-1.19,0.22,-4.07,0.61,-0.48,-1.95,-2.51,0,0.59,0.43,0.2,2.33,1.83,0.46,2.19,0.16,-0.34,-1.04,1.42,1.93,1.51,1.46,1.28,2.61,0.54,0.6,-0.28,-0.4,-0.05,1.06,2.15,1.01,-0.04,-0.61,-0.13,1.89,-1.83,-0.99,0.17,1.69,1.33,0.17,-1.9,0.95,-0.33,-0.74,0.08,-0.72,1.58,-0.31,-0.06,1.68,0.22,0.72,2.63,2.76,-0.71,0.69,0.79,1.42,2.16,-1.32,1.27,-0.44,1.3
necrophos,0.83,1.17,-3.62,-3.66,-2.33,0.9,0.68,-0.72,0.29,0.77,1.59,-0.61,1.95,5.48,0.61,0.75,0.53,0.04,1.17,-0.96,-2.42,-0.43,-1.09,-1.34,-0.98,-1.53,2.07,-2.92,1.52,-0.04,-0.24,1.52,-0.61,-0.2,-1.25,-2.3,-0.6,5.34,-1.18,-0.53,-0.37,0.58,0.56,0.78,0.33,-0.4,-0.94,-0.02,-1.47,-1.0,-0.57,-1.23,0.57,1.73,0.37,-2.28,3.29,0.6,0.19,-0.71,4.32,-0.54,0,0.6,-0.33,0.2,3.59,-0.98,1.69,-0.17,0.1,3.17,-0.21,-0.23,-1.86,-2.87,-1.04,1.65,0.75,0.76,0.02,-0.04,-1.78,0.29,-2.1,-2.65,0.31,2.61,-1.31,-3.67,4.89,2.68,0.37,-1.14,-0.42,-0.19,-1.16,1.35,0.72,-1.08,1.62,0.47,0.46,0.61,-0.57,-0.58,0.25,0.47,-0.47,-3.66,-2.72,2.0,-0.11,-0.22,0.15,2.21,-0.36,0.16,-0.26
night-stalker,0.35,-1.35,0.89,1.51,-0.81,0.63,-0.16,-0.61,-3.35,-2.41,-2.16,-0.12,-0.65,-4.68,0.5,-2.58,-0.08,-0.68,0.22,0.02,-0.46,-1.68,-0.17,-0.62,0.19,0.76,-0.79,0.12,-0.34,1.04,1.08,-0.47,-1.52,0.34,-0.5,0.1,-1.36,-3.15,-0.71,-0.79,-0.08,1.04,0.45,-0.03,-0.24,-0.64,-0.27,-0.33,-0.73,-0.32,-2.52,-1.45,-4.63,0.37,1.6,-0.59,-3.33,-0.61,-0.2,0.61,-6.54,-0.53,-0.56,0,1.06,-1.32,0.52,0.77,2.17,0.83,-0.64,-2.18,-1.84,1.54,-0.01,1.26,-0.02,-1.83,0.86,-0.19,0.49,-0.45,-0.43,-0.67,1.26,0.94,-0.87,0.25,0.92,-1.19,-0.03,-1.34,0.92,-0.77,-1.68,-2.05,-2.33,0.5,0.69,-0.15,0.14,-0.35,-1.9,-0.36,-0.81,0.02,1.0,-0.35,-1.82,-1.43,-2.74,2.0,-0.29,-0.87,-0.92,-0.75,-0.23,-1.6,1.02
nyx-assassin,1.59,0.23,0.83,1.66,0.14,-0.76,-0.48,1.2,-2.24,1.02,-1.12,-0.05,1.87,-1.2,0.35,-1.31,-0.42,-1.47,0.25,0.3,-0.27,0.94,-0.89,-0.29,-0.68,-0.29,-1.42,-0.78,0.9,-0.35,-0.59,-1.23,-0.18,0.03,-0.94,-0.89,-0.94,0.56,0.76,-1.86,-0.44,-1.0,0.44,-1.82,-1.02,1.62,0.31,-1.63,0.5,-1.34,-0.37,0.51,-1.52,-0.17,0.24,3.92,-0.39,0.65,-0.34,2.3,-0.8,-0.41,0.37,-0.97,0,0.09,-0.53,0.67,3.4,-0.19,0.17,0.43,1.49,0.51,-0.11,1.3,0.55,-0.13,-0.73,-1.0,-0.92,0.96,0.2,-1.14,-0.37,0.18,-1.22,0.13,0.32,0.12,1.72,-0.48,0.87,-0.37,-0.66,-1.88,0.4,0.19,2.82,2.49,0.11,0.73,-0.05,-0.24,-0.51,0.12,-0.82,1.12,-1.4,-0.27,-1.36,1.21,0.17,1.58,0.04,0.24,0.15,-0.25,0.48
ogre-magi,-0.89,0.2,-0.07,-1.52,-0.02,-0.16,-0.09,0.6,-2.22,1.06,0.63,-0.27,1.13,-1.67,0.45,-2.66,-0.47,1.15,0.28,-0.16,-0.41,-0.54,0.1,0.57,-0.02,0.03,0.56,0.36,0.11,-0.3,0.14,0.08,1.82,-1.06,-0.07,-0.36,1.68,-0.69,-0.82,0.36,-0.03,-0.83,1.14,0.38,-1.17,0.72,-0.59,-0.85,0.03,-0.82,-0.15,0.47,-1.33,-0.51,0.09,1.54,-3.22,0.43,1.1,0.57,-3.41,-0.51,0.07,1.74,0.71,0,-0.01,-0.91,0.57,0.13,0.81,-3.58,0.15,-0.28,-1.51,1.38,-0.09,2.0,1.08,-0.54,-0.98,-0.41,0.02,-0.38,0.24,0.18,0.87,-1.29,-0.04,-0.17,0.52,-0.22,-0.77,0.28,-0.17,0.34,0.13,-0.86,1.4,-0.33,0.4,-0.81,2.42,-0.42,-0.39,0.19,1.85,-0.37,0.1,-0.58,-0.1,0.56,-1.02,1.32,0.87,0.7,-0.45,0.04,0.52
omniknight,1.25,1.25,-2.35,-1.75,1.12,0.99,1.11,3.55,1.0,-0.49,1.04,1.62,0.43,-0.45,0.27,0.91,-2.09,1.56,0.62,-1.11,-2.54,0.71,1.76,-0.81,-0.53,-0.79,0.19,-1.42,0.64,-0.65,-0.25,1.24,-1.36,-2.26,-1.63,-0.75,0.84,-2.61,-1.14,-0.3,0.33,1.12,-1.92,-0.88,1.43,-1.33,-1.68,0.96,-0.93,-0.89,0.55,-2.01,2.54,1.24,-0.24,-0.39,0.16,0.99,-0.85,-3.05,0.38,-2.15,-3.39,-0.49,0.44,0.18,0,1.14,-3.56,-1.12,0.83,-0.57,-0.24,0.89,-0.17,-2.92,0.17,-1.57,-0.18,-1.71,-0.95,-0.52,-2.21,1.36,-0.9,-0.46,1.47,0.51,-1.51,-1.89,1.49,1.7,1.5,-0.84,-0.79,0.3,-0.34,1.27,-1.6,-1.15,-1.16,-1.19,0.56,1.22,-1.13,-0.64,0.03,0.75,-0.07,-1.19,2.27,0.81,1.01,-1.61,-1.07,-0.45,0.33,1.19,-0.46
oracle,0.05,-0.87,0.18,-1.2,1.91,-0.35,-0.48,2.69,-1.92,-1.39,0.37,0.61,-1.46,-2.45,0.04,-1.97,-1.93,0.04,0.12,0.12,2.78,0.41,-0.49,-1.52,1.24,-0.47,-1.09,-1.54,-0.33,-0.91,0.68,2.06,-1.21,1.47,0.95,-0.26,-0.01,-1.06,0.33,-1.75,0.85,0.04,0.29,-1.53,2.69,-1.37,0.58,0.41,-1.35,0.14,0.03,0.17,-3.5,0.05,-0.33,-1.64,-0.91,0.03,-0.39,0.78,-0.88,-0.57,1.01,-0.77,-0.7,1.54,-1.26,0,-2.61,0.84,-0.04,-1.45,0.91,-0.59,0.5,-0.02,0.97,-4.36,-1.16,0.05,1.0,-2.01,-1.36,-0.86,0.47,1.98,-0.25,1.0,0.57,0.19,0.48,0.91,1.47,-0.33,1.44,-2.72,-1.07,-0.45,-0.97,-1.05,-1.01,1.04,2.37,-2.03,-0.33,-1.76,0.36,-1.32,0.19,-1.22,-2.73,1.34,0.77,-1.74,1.17,0.03,-0.2,0.84,1.82
outworld-devourer,3.46,2.52,0.95,1.87,-2.73,3.46,0.05,0.61,-2.19,0.66,0.73,-2.36,1.73,-5.11,1.81,-2.66,-1.08,-1.66,0.81,0.59,1.3,-0.52,1.49,-1.81,-0.4,-0.03,2.89,-0.58,0.48,0.48,-0.61,0.92,-1.39,-1.41,0.97,-0.89,1.29,-1.58,0.18,2.64,0.61,0.66,-0.55,2.3,2.55,1.09,0.58,-0.66,-0.3,1.08,1.95,0.0,-2.23,0.16,1.6,-3.24,6.62,0.75,1.8,5.03,-0.55,-2.2,-1.43,-1.97,-3.42,1.0,3.56,2.59,0,0.8,-0.84,-2.87,-0.17,-2.17,1.06,-2.69,-3.28,-0.81,0.06,0.15,-1.44,-1.57,1.53,-0.47,-1.73,-0.69,0.17,4.22,0.99,-1.96,0.74,1.21,-1.78,0.46,0.18,-1.88,-0.91,2.85,4.11,-2.23,0.57,0.52,3.59,0.49,3.29,-0.6,1.35,0.81,-0.33,0.58,-3.45,-1.01,-0.06,-0.81,0.55,0.71,-0.01,-0.44,-1.15
pangolier,1.3,-0.19,0.17,0.82,2.33,0.31,-1.21,0.36,0.47,-2.76,-0.06,-0.18,0.77,4.0,-1.18,2.31,-0.99,-2.1,0.66,0.56,0.62,-0.61,1.75,-0.08,0.42,-0.74,0.0,-0.97,0.65,-0.66,0.09,-0.44,-0.5,-1.13,-0.15,-1.84,-0.39,-0.74,0.14,1.09,0.97,-1.17,-0.26,0.81,1.96,-0.41,1.53,0.97,-0.64,0.41,3.4,-0.43,2.62,0.78,0.58,1.62,6.35,-0.08,-0.48,-0.2,1.64,-0.22,0.24,-0.82,0.15,0.98,0.96,-0.88,-0.78,0,1.45,2.46,-0.52,-1.19,1.19,-0.58,-1.21,-0.9,-1.18,-0.12,0.53,1.48,-0.41,-0.19,0.14,-1.44,0.89,0.38,0.28,-0.33,2.2,-0.02,-0.9,-0.34,-1.0,-0.16,1.15,1.07,-0.35,-0.83,-0.36,0.03,1.46,1.28,0.14,1.96,1.4,-0.24,0.04,-0.04,1.52,-1.23,0.9,-1.7,0.57,-0.02,0.8,2.19,0.74
phantom-assassin,0.91,2.04,0.73,4.83,1.03,-1.66,-1.48,-1.42,2.63,-1.44,-0.76,0.08,-0.74,0.96,-1.05,0.52,0.33,3.29,-1.1,0.13,-0.41,-0.13,0.23,0.06,1.1,0.22,-1.26,0.89,-1.72,-0.59,0.78,-0.67,2.38,0.58,-1.15,-0.1,-1.35,1.49,1.64,-0.17,-0.16,-0.39,1.87,0.13,1.06,-1.18,-0.54,0.58,0.66,0.43,2.72,-0.32,3.66,0.13,-0.45,-1.36,-1.67,-0.25,-0.09,-2.85,0.68,1.95,-0.73,-0.01,-0.42,-0.82,-2.02,-0.01,1.65,-1.36,0,1.49,-1.44,0.11,-0.68,-1.45,-1.09,-0.14,2.5,-0.02,-0.71,0.14,-0.53,0.81,-0.08,0.46,1.21,-0.43,0.09,1.69,-0.22,-0.41,0.66,2.17,-0.16,-1.99,-1.08,-1.8,-1.51,-1.57,-1.86,-1.48,-1.73,-1.53,-0.54,0.59,1.56,-0.66,-0.15,0.04,2.09,-0.95,1.17,-0.24,-1.0,1.42,0.57,0.57,1.36
phantom-lancer,1.88,-1.18,3.01,-0.5,3.55,-3.93,3.76,1.5,3.35,1.58,2.94,-0.09,-0.03,4.2,-4.31,4.0,2.84,5.91,2.43,-2.92,-6.33,1.45,1.94,1.54,-1.09,-0.47,1.02,5.0,-0.98,-3.47,-3.53,-5.89,3.3,-1.88,1.46,-2.37,-1.17,3.26,1.27,-0.57,-1.84,0.37,-4.05,-2.69,-0.87,-6.72,0.35,1.14,-0.3,-0.23,2.98,1.42,4.35,-2.49,3.17,-0.03,-3.18,1.9,-0.73,2.66,-2.22,1.01,-3.07,2.16,-0.54,4.21,0.38,1.46,2.94,-2.48,-0.76,0,-2.41,-4.48,1.05,1.37,-0.21,3.6,1.68,-1.53,-5.77,2.68,0.03,3.07,4.38,2.17,3.83,1.54,-2.15,-0.03,0.25,1.14,-1.8,-3.46,-2.11,5.36,4.57,-3.23,-4.61,-0.26,-0.53,-0.25,0.16,1.43,-5.41,1.72,3.04,3.62,3.53,3.64,4.9,-0.92,-0.11,0.96,0.71,1.17,0.78,5.12,-2.29
phoenix,-1.44,-1.48,0.38,-0.73,-1.13,1.22,-1.61,0.18,0.41,-1.36,0.11,0.62,-0.36,0.06,0.61,2.67,-1.47,-2.22,1.98,0.79,1.39,-0.45,0.6,-1.57,-0.08,-0.48,0.26,-0.71,0.17,0.28,-0.31,0.02,-0.96,0.59,-0.39,0.41,0.85,-1.37,-0.69,-1.96,-0.04,-1.74,-0.92,1.32,-0.66,0.35,1.7,-2.08,-2.01,-0.69,2.28,-0.08,1.42,0.69,0.61,-1.57,2.18,-0.36,1.06,-2.23,2.76,-1.46,0.22,1.82,-1.54,0.48,0.13,-0.91,0.27,0.55,1.04,2.41,0,-0.69,1.05,0.07,-0.99,-1.14,-1.43,0.12,0.93,0.2,-0.49,-0.41,-1.14,-1.07,0.76,-0.46,-1.01,-1.09,3.26,0.22,-1.14,1.27,-0.26,2.0,1.13,-0.55,-1.03,-0.05,-0.09,2.37,0.68,1.09,0.42,1.21,-0.73,-0.37,0.43,-0.47,-0.07,-0.34,1.05,-1.89,-0.04,0.51,0.69,1.28,1.1
puck,-0.44,-3.6,0.84,2.79,-0.56,0.39,0.7,1.23,0.33,0.67,-0.19,2.0,-0.18,-0.23,0.02,0.35,-1.28,-2.17,0.86,1.6,0.45,1.04,0.55,-1.65,-0.42,-1.05,-2.63,0.22,0.41,0.44,0.32,0.56,-0.78,0.41,0.67,-0.04,-1.12,-1.64,1.42,-0.96,0.24,0.51,-0.19,-0.97,-0.44,-1.25,0.75,-0.76,-0.19,0.22,-3.54,-2.25,-0.79,-0.22,0.67,-2.05,-0.69,1.21,-1.85,3.42,2.0,-1.97,0.35,-1.42,-0.53,1.46,-0.97,0.62,2.21,1.16,0.32,4.43,0.71,0,1.71,1.08,2.95,-2.63,-1.44,-0.6,0.29,1.18,-0.16,-0.73,-0.84,1.39,0.13,2.14,0.75,-2.32,0.13,0.54,1.74,-0.22,-0.04,-4.22,1.02,0.03,0.54,0.84,-0.16,0.4,-1.04,0.6,-1.9,-0.9,-0.82,0.12,-1.15,-0.65,1.15,0.43,-0.6,0.96,1.92,0.19,0.38,-1.15,0.25
pudge,-1.24,-0.29,-0.14,-1.26,0.5,0.8,0.54,-0.7,-2.58,1.18,0.75,-0.54,-1.19,-0.73,-0.3,-2.26,-0.34,0.58,-1.41,1.65,-0.62,-0.42,-1.37,-1.7,-0.46,0.03,0.94,2.03,-1.2,-0.68,-0.48,-0.86,0.76,-0.53,1.02,-1.62,0.05,1.54,0.03,-1.04,-0.5,0.55,-0.54,-0.9,0.37,0.53,-0.36,0.11,-0.12,0.04,-3.12,1.08,-2.8,-1.84,-0.72,0.02,-0.9,0.1,-0.48,0.01,-1.04,0.76,1.68,-0.98,0.08,1.2,-0.91,-0.52,-0.01,-0.7,0.83,-0.22,-1.51,-1.28,0,3.59,-0.97,-0.03,0.01,0.26,0.36,0.52,1.0,-0.12,-0.77,0.01,-1.62,-0.52,-0.77,1.8,-0.14,-0.4,-0.74,-0.39,2.64,0.74,-1.2,-0.76,-0.53,2.99,-0.5,0.36,-0.17,-1.21,1.54,-2.31,-2.63,-0.55,0.85,2.01,-1.46,-1.07,-1.51,-1.74,0.45,-0.06,-0.71,-1.25,1.42
pugna,-0.67,-0.06,-0.08,-3.33,-0.16,1.32,-0.02,-0.31,-0.33,0.15,-0.03,-0.22,-0.54,0.93,-0.59,-1.97,-0.03,0.43,-0.46,0.83,-0.01,1.3,1.03,-0.16,0.25,-0.61,0.76,-0.41,-0.81,0.05,0.32,-0.95,1.13,-1.11,-0.32,0.83,-1.12,-1.49,0.47,-0.47,0.4,0.41,-0.1,-0.29,1.43,-1.15,1.3,-0.72,0.68,0.61,0.1,-1.14,-1.16,0.17,1.24,-1.48,2.3,0.25,1.04,0.69,-0.91,-1.52,2.87,-1.3,-1.37,-0.31,2.9,0.01,2.88,0.64,1.22,-1.37,-0.08,-1.05,-2.53,0,0.92,0.48,-1.56,0.84,0.38,1.02,-1.0,0.26,-0.63,1.19,0.02,1.87,-0.76,-1.99,0.92,-0.54,0.62,-0.08,-0.77,1.2,1.74,0.03,3.46,1.86,-0.34,1.24,3.74,1.28,1.36,1.19,0.09,-0.68,-0.02,-0.21,-1.84,0.94,-0.22,-1.48,1.38,2.35,-0.28,0.11,0.35
queen-of-pain,-1.52,0.96,0.18,-0.24,0.13,-0.05,-0.48,2.56,0.52,0.25,0.75,0.75,0.58,1.59,0.25,-0.15,1.23,-0.39,1.55,0.51,0.65,0.14,0.15,0.34,-0.45,1.29,-0.76,0.11,-0.22,0.08,0.68,-1.55,0.27,-0.01,0.16,0.1,0.87,-2.21,0.03,0.29,0.2,0.76,0.67,-0.82,-1.14,1.06,0.37,1.29,-0.71,0.38,-0.31,-0.39,0.57,0.54,1.47,-2.79,-1.21,0.31,2.04,1.23,0.35,-1.12,0.86,-0.39,-0.88,0.94,-0.71,-1.22,3.69,1.27,1.24,0.25,0.89,-3.32,1.42,-1.08,0,1.89,-0.96,0.28,0.28,0.95,0.06,-0.36,-0.64,-0.46,0.98,-0.51,0.48,-0.04,1.2,0.45,0.74,0.47,-0.74,-1.27,0.11,-0.77,0.92,0.8,0.07,0.14,0.19,0.38,-0.07,0.69,0.69,0.11,-0.24,-1.96,-0.44,0.29,-0.18,-0.49,2.12,0.31,-0.58,0.24,0.63
razor,-0.02,4.18,0.78,-2.06,-1.75,1.37,-0.61,0.92,1.75,-1.58,-0.49,0.27,-2.25,1.13,0.97,-0.78,0.67,0.47,-0.22,-0.6,-1.04,-0.98,0.31,0.57,-0.21,1.71,0.69,-0.17,0.92,0.99,0.8,-0.43,-0.66,-0.34,-0.43,1.67,-1.61,-0.24,0.41,1.08,1.29,1.77,1.15,1.33,0.83,2.32,0.22,2.47,1.1,1.11,2.19,-1.98,-1.1,1.97,1.15,-1.5,-0.13,0.45,1.38,-2.67,-3.37,-2.72,-1.4,1.91,0.14,-0.6,1.56,4.3,0.79,0.85,0.27,-3.51,1.2,2.57,0.41,-0.44,-1.85,0,0.03,1.07,0.16,-0.43,0.37,0.18,0.55,0.32,0.94,0.82,1.62,-2.36,-0.38,0.42,-0.54,1.57,-2.31,3.83,-2.46,2.79,1.34,-0.7,1.52,-0.42,2.88,-0.18,0.57,-0.81,2.53,0.39,-0.68,-0.82,3.43,0.73,0.86,-3.25,-0.11,0.57,-0.83,-0.94,0.03
riki,0.51,-0.34,1.66,2.31,0.82,0.15,-0.39,-0.01,-1.44,-1.08,-3.81,1.31,-2.31,-1.53,0.45,-0.78,1.35,2.35,0.8,-0.49,-0.06,0.09,0.13,0.66,-0.64,0.36,-1.16,-0.5,0.25,0.01,0.52,0.36,0.0,0.77,0.66,-0.41,-1.25,0.34,1.83,-0.93,-0.67,2.06,0.19,0.13,-0.61,-1.61,0.54,1.67,0.13,-0.6,0.01,-1.35,-1.38,0.31,2.28,1.61,-3.64,0.57,-1.03,0.07,-3.25,-0.51,-0.74,-0.92,0.77,-0.59,0.17,1.23,0.11,1.27,-2.48,-1.65,1.46,1.6,-0.45,1.59,0.73,0.13,0,-0.07,-0.52,1.98,-1.01,-0.34,-1.11,0.54,-1.31,0.06,-0.57,-0.97,-1.24,-0.74,1.85,-1.03,-2.8,-0.39,-0.83,0.17,0.94,0.15,-1.29,0.25,-2.07,0.91,-3.08,0.35,1.43,-0.78,-1.64,0.13,0.25,1.31,0.19,2.44,0.23,-0.25,1.24,-1.0,-1.46
rubick,0.56,-0.39,-0.1,0.54,-0.45,-0.98,-0.36,-1.03,1.28,1.14,-0.22,-0.57,-0.5,-0.24,-0.64,0.84,0.68,-0.23,-0.69,1.1,0.63,-0.46,-0.26,-0.44,-0.05,-0.68,-0.07,-0.65,-0.86,0.54,-1.23,-0.82,-0.67,3.08,0.7,-0.14,-0.04,-1.48,0.07,0.52,2.14,0.58,0.07,0.02,-0.16,-0.73,0.39,-0.61,0.29,0.95,-0.12,1.67,-1.25,0.98,-0.58,1.76,0.4,1.09,-0.31,2.48,0.96,-0.35,-1.27,-0.47,0.7,1.22,1.15,-0.42,-0.12,0.04,0.29,1.67,-0.53,0.62,0.52,-1.16,-0.32,-1.42,-0.31,0,1.0,-0.52,0.28,0.18,-0.1,-0.07,0.54,0.05,0.34,-0.26,0.29,-0.64,-0.46,1.09,-0.06,-1.53,0.67,0.58,-0.44,-1.32,-1.0,0.57,0.17,-0.37,4.05,0.54,-1.09,-0.07,-0.41,-0.29,-0.84,0.22,0.71,1.71,0.64,-0.46,0.63,2.01,0.37
sand-king,0.38,-1.18,-0.53,-2.04,1.35,1.41,0.98,-0.16,1.54,-0.34,-0.64,1.67,-1.63,3.02,-1.15,3.72,1.61,-1.01,0.93,-0.47,1.17,0.59,-0.37,0.16,-1.39,0.13,1.01,0.34,0.01,0.21,-0.76,-0.69,1.07,-0.31,-0.8,-0.74,0.3,0.01,0.27,0.2,-0.14,-1.03,-0.86,-0.08,0.74,-1.39,0.75,-0.59,0.09,0.29,1.21,1.66,-0.72,-1.23,0.05,0.68,4.57,0.03,0.42,1.07,6.6,0.23,0.0,-0.49,0.94,1.47,0.88,-1.01,1.58,-0.53,0.46,5.78,-0.93,-0.24,-0.27,-0.37,-0.43,-0.13,0.52,-1.21,0,1.55,-0.55,-0.1,-0.2,0.25,-0.09,1.5,-0.83,-1.44,0.25,1.59,-0.62,-0.42,-0.34,0.86,3.66,-0.5,-1.26,0.38,0.44,0.29,-0.15,0.93,-1.61,0.07,-0.17,0.13,-0.7,-0.94,2.56,0.18,0.31,0.66,0.18,1.25,0.05,1.52,-1.87
shadow-demon,2.63,0.46,1.15,1.03,0.66,0.69,0.0,-0.28,-0.68,-0.79,-0.8,-1.92,-1.02,1.79,-0.6,-0.45,1.15,1.16,0.77,0.86,-0.79,0.91,0.06,0.02,1.17,-0.14,1.0,1.22,-0.98,-0.23,0.71,-1.58,-0.08,-0.51,0.22,1.57,0.66,-0.16,0.74,-2.02,-0.36,0.69,-0.63,-0.02,1.79,-0.7,1.19,0.57,-0.22,0.81,-2.31,1.8,-4.07,0.75,0.44,0.36,-1.83,1.4,-0.26,-0.54,-1.56,0.28,0.33,0.65,-0.92,1.8,0.51,2.04,1.53,-1.4,0.47,-2.61,-0.03,-1.11,0.64,-0.87,-0.81,0.42,-1.64,0.49,-1.38,0,1.4,0.03,0.34,1.97,0.82,0.6,0.06,-0.66,1.55,0.67,-1.35,1.18,1.19,-0.08,2.97,-0.29,-2.38,0.99,-0.33,0.12,1.15,-0.61,-1.64,-0.99,-0.35,1.63,0.86,0.55,3.04,-0.77,0.23,-2.65,3.05,-0.18,0.63,1.04,0.55
shadow-fiend,1.4,1.8,-0.4,1.64,-1.89,-0.23,-0.51,-1.7,-0.18,0.25,-0.5,0.77,-0.31,2.2,0.48,0.52,1.09,0.73,-1.57,1.09,0.07,0.61,1.56,0.41,-0.2,0.52,-0.38,-0.21,-0.67,-0.19,0.16,1.54,0.13,-1.45,0.55,0.88,-0.1,1.15,-0.43,0.22,-0.01,-0.3,0.0,0.26,0.84,-0.4,0.16,-1.03,-0.9,-0.71,-0.15,-0.84,0.35,-0.5,-0.21,-1.29,7.26,0.29,-0.78,1.76,1.54,0.58,1.69,0.15,-0.3,0.46,2.05,1.46,-1.39,0.62,0.48,0.15,0.43,0.39,-0.63,1.09,-0.01,-0.35,0.89,-0.3,0.54,-1.26,0,-0.58,0.96,-0.09,-0.42,1.05,0.34,-0.69,1.12,-0.87,0.81,0.65,-0.79,-2.97,-1.4,1.51,0.8,-1.22,-1.83,0.87,0.05,-0.32,1.32,0.61,-1.43,-0.74,-0.24,-0.47,-1.26,0.71,1.27,0.16,-0.45,-0.98,-0.01,-0.25,-1.24
shadow-shaman,-0.92,-0.67,0.51,1.24,-1.71,0.42,0.75,0.29,-0.21,0.01,0.67,1.07,-0.38,0.48,0.31,-1.09,0.65,-0.11,0.23,0.81,-1.63,-0.06,-0.42,0.57,-0.09,0.23,-0.43,-1.55,0.32,0.13,-0.94,0.21,-0.88,-0.32,1.46,-0.77,-1.1,0.7,-0.35,-0.33,-0.54,1.61,0.13,-0.58,-0.01,0.21,-0.1,0.83,-0.34,0.03,-1.96,-1.36,0.56,0.09,-0.22,-0.37,-4.45,-0.02,-0.23,0.29,-2.73,-0.79,-0.37,0.55,1.23,0.83,-1.72,0.96,0.78,0.35,-0.86,-3.05,0.44,1.0,-0.01,-0.22,0.33,-0.06,0.3,-0.34,0.13,0.28,0.52,0,-1.39,0.38,0.84,-0.21,-0.37,-1.66,-2.08,-0.26,1.04,1.0,0.19,2.03,-2.25,-0.92,-0.66,0.26,0.2,-0.29,1.45,0.22,-0.03,0.13,1.29,-0.82,-0.03,0.54,-1.17,0.37,-1.36,0.89,0.81,-0.07,-0.65,-0.23,0.28
silencer,-2.86,-1.58,0.73,0.88,-2.46,0.89,1.45,1.17,-0.99,-1.24,-0.43,-0.33,3.26,-4.56,0.63,-1.58,-1.54,-1.28,0.03,0.42,0.22,0.12,0.62,0.81,-0.74,-0.21,0.27,-0.73,0.18,0.21,-0.85,1.64,-1.42,2.16,0.88,0.56,0.22,-0.86,-0.63,-0.84,0.19,-0.07,-0.03,1.02,-1.82,0.17,0.17,-0.52,0.08,0.36,-2.34,-1.06,-2.53,0.05,0.23,-1.74,-0.7,-0.07,0.11,-0.31,-4.17,-1.98,2.12,-1.38,0.48,0.24,0.86,-0.44,2.09,-0.02,-0.18,-4.41,1.19,1.08,0.37,0.74,0.52,-0.46,1.08,-0.17,0.25,-0.06,-1.0,1.35,0,0.24,0.68,-1.43,0.71,-1.74,-1.28,-0.46,2.06,0.47,-1.43,0.03,-1.15,-1.21,3.51,1.03,0.05,-0.12,-0.09,-0.59,0.34,0.35,0.82,-0.29,-0.17,0.44,0.56,0.96,-1.02,1.04,-0.15,0.07,0.33,-1.16,0.66
skywrath-mage,-1.76,0.63,1.04,-1.87,-0.64,0.69,-0.44,0.67,-1.12,0.09,-0.45,0.01,-1.72,-1.37,-1.81,-1.95,0.84,0.14,-0.32,0.1,1.01,-0.93,-0.69,-0.41,-0.14,-0.31,-0.53,0.45,-0.7,0.62,1.13,-0.16,0.66,1.42,1.16,0.15,-0.39,1.36,0.2,-1.01,0.12,1.76,0.74,-0.69,-0.6,0.37,0.43,0.48,-0.31,-0.36,-1.57,0.66,-2.02,-0.59,0.36,-1.45,-0.71,-0.06,1.56,1.7,-1.46,-0.74,2.68,-1.1,-0.15,0.26,0.35,-2.03,1.04,1.66,-0.62,-2.08,1.13,-1.24,-0.21,-1.17,0.39,-0.16,-0.6,-0.15,-0.2,-1.83,0.01,-0.38,-0.24,0,-0.17,0.54,-0.08,0.22,-1.74,-0.97,0.35,-0.3,0.17,-2.11,0.7,-0.97,0.84,0.62,0.29,-0.01,1.26,-1.31,1.43,0.03,0.98,-0.66,0.47,0.22,-1.8,0.01,-0.4,0.42,0.35,0.21,0.16,-2.14,1.03
slardar,-0.24,1.13,0.46,4.59,-0.55,0.46,1.37,-0.85,-2.21,-0.61,0.82,-0.94,1.44,0.03,0.79,-1.99,0.33,1.57,-0.2,-0.22,0.83,-1.37,0.49,1.53,0.12,0.82,-0.53,-3.01,0.61,-0.29,0.66,-0.58,0.13,-1.33,0.99,0.79,-1.29,-0.96,0.16,1.51,-0.29,-1.89,0.48,0.76,0.66,-0.27,-0.76,2.46,-0.84,-1.15,2.15,-2.34,0.55,0.21,-0.06,-2.08,-1.19,0.33,-0.13,-0.2,-4.38,0.43,-0.33,0.86,1.49,-0.54,-1.67,0.44,0.32,-0.67,-1.41,-3.75,-0.71,0.24,0.81,0.16,-0.99,-0.73,1.39,-0.74,0.22,-0.42,0.32,-0.84,-0.67,0.18,0,-0.91,0.81,-0.57,2.84,-0.14,0.22,1.35,-0.18,-1.14,-4.86,-2.03,0.48,-0.82,-0.59,-0.62,-2.74,0.08,0.35,1.02,1.12,-1.78,-1.92,-0.45,0.16,0.18,1.02,-0.03,-1.99,-0.54,-0.46,1.04,0.43
slark,3.02,1.81,-2.7,1.74,2.36,-0.03,0.84,2.95,-1.11,-1.43,1.43,-0.34,4.11,0.72,-0.72,-0.42,1.55,1.63,-1.51,-1.34,0.87,-0.66,0.85,0.23,-3.18,-0.82,2.34,-0.23,0.78,-1.65,-1.16,2.29,0.12,-1.14,0.73,-3.09,-0.54,-0.55,-1.06,0.7,1.11,1.64,-1.51,0.3,-0.36,-3.17,0.42,1.46,-1.42,-1.42,0.25,0.55,-0.16,-0.02,-2.39,2.67,1.73,-0.58,1.42,0.29,-1.53,1.24,-3.06,-0.63,-0.28,1.62,-1.09,-1.13,-4.41,-0.25,0.39,-1.47,0.43,-2.15,0.58,-2.0,0.59,-0.85,-0.26,-0.05,-1.7,-0.35,-1.06,0.16,1.42,-0.65,0.83,0,-1.76,1.02,0.63,0.33,-0.15,-0.01,-2.16,2.93,0.61,2.35,0.51,0.43,-2.18,1.61,1.87,-0.09,0.37,0.71,0.34,0.11,1.54,-0.62,0.24,-0.71,1.91,0.28,-1.21,0.76,0.28,1.6,-0.53
snapfire,0.02,-0.42,0.23,0.49,0.84,0.76,-1.01,-1.48,0.37,-0.83,-0.77,-0.91,-0.45,-0.85,-0.95,0.99,-0.31,-0.87,1.96,1.21,0.14,-0.43,0.05,-2.1,0.0,-1.17,0.46,0.96,-0.27,0.64,-0.04,-0.25,-0.87,-0.44,-1.13,0.03,1.09,-0.51,0.23,-0.8,0.81,0.16,0.62,0.08,0.98,-0.96,0.45,-0.85,-0.86,0.32,0.43,0.41,-1.98,-0.61,0.64,0.28,5.33,-0.1,0.64,0.19,3.33,0.35,1.19,-1.33,-0.55,0.83,1.24,-0.74,-0.9,-0.28,0.11,2.3,0.9,-0.76,1.05,0.76,-0.48,-1.8,0.45,-0.39,0.74,0.08,-0.29,0.36,-0.8,0.04,-0.82,1.73,0,0.19,0.89,0.51,-0.4,0.0,0.46,-1.58,0.68,0.9,-1.21,-0.43,-0.52,1.88,-0.32,0.38,1.14,1.01,-0.47,0.4,-0.03,0.34,0.07,-0.78,0.6,-1.38,-0.39,-0.16,0.45,0.93,0.86
sniper,0.17,1.41,0.63,-1.23,-1.11,-0.45,1.21,0.82,2.63,1.02,-0.16,-0.58,-0.56,-0.78,-2.17,0.12,1.02,0.28,-2.14,0.67,0.08,0.8,-0.4,3.23,1.12,0.67,0.87,3.21,-1.25,1.32,1.43,-0.38,-0.76,2.19,0.0,1.02,0.68,1.65,0.95,-0.05,0.79,1.31,0.62,1.12,-0.31,2.41,0.89,-0.37,1.7,0.52,1.38,0.92,-1.37,0.38,-2.68,4.15,0.23,-0.27,1.78,-4.44,0.66,-1.61,3.46,0.58,-0.71,0.72,1.03,-0.53,2.28,0.24,-1.29,0.0,0.8,2.52,-0.9,1.92,-0.01,2.43,0.35,0.27,1.2,0.79,0.61,1.49,1.47,-0.64,0.25,-1.12,-0.27,0,-3.43,-0.65,-3.19,0.49,0.27,3.29,2.4,1.32,0.1,-0.49,0.57,0.07,0.02,-0.16,4.12,1.11,-0.03,1.18,2.09,1.61,2.44,-0.27,0.07,-0.8,0.41,1.05,0.59,0.41,-0.46
spectre,-0.99,-3.3,0.95,-5.15,0.54,1.89,0.29,-1.41,0.16,1.37,-0.78,-1.45,-1.0,-3.04,-0.92,0.88,-3.26,1.57,0.75,-0.09,-2.46,0.96,-1.6,-0.06,0.35,-1.2,1.11,2.63,-1.95,0.68,-2.7,-3.09,-0.81,2.83,0.0,1.23,2.22,-0.78,-2.53,-3.18,-2.27,-2.41,-0.4,-1.23,0.62,-0.47,1.02,-3.61,0.35,0.34,-3.66,3.77,-1.72,-0.27,1.16,-0.17,-0.27,-0.07,-0.93,-0.66,-0.21,3.18,-5.11,0.34,-1.27,-0.62,-1.32,0.21,0.54,-1.56,-0.46,0.59,-3.11,0.91,-0.8,-0.35,-0.84,1.34,1.71,-0.19,0.31,-0.42,-1.01,2.47,1.75,2.13,-2.83,-0.53,-0.52,3.26,0,0.7,-0.29,-0.95,2.26,2.7,0.38,-1.14,-0.74,2.85,-0.06,-2.45,0.35,-0.67,-3.97,-5.34,1.54,1.82,-1.46,-4.64,-0.37,0.16,-2.7,-0.49,1.73,1.66,-1.3,-1.64,1.8
spirit-breaker,-0.65,0.66,0.32,1.53,1.34,0.72,1.37,-0.03,0.45,1.29,0.46,0.23,0.25,4.17,0.09,-0.44,1.44,2.48,-1.7,-0.65,-0.93,-1.8,-0.55,-0.48,-0.74,0.21,-0.21,0.53,1.4,-0.32,-0.44,-1.61,-0.69,-1.63,-0.28,-0.75,-0.33,-0.82,-0.41,-0.54,-1.27,0.5,-1.14,-0.93,1.49,-0.44,-1.37,1.76,0.38,0.22,-0.61,-0.05,2.03,-0.23,-1.54,-1.29,-2.52,0.49,-0.28,-0.76,-1.85,1.25,-2.76,1.31,0.58,0.63,-1.97,-0.9,-1.01,0.14,0.09,-1.03,-0.22,-0.36,0.05,0.61,-0.53,-0.3,0.74,0.38,-1.62,-0.45,0.73,0.24,0.46,0.95,0.15,-0.41,-0.56,0.17,-0.38,0,0.81,-0.74,0.01,0.57,-1.16,-0.75,-0.82,0.51,-0.36,-1.44,-0.43,-0.19,-4.05,-1.17,0.07,0.49,-1.38,-0.37,0.38,0.24,-0.28,-0.14,0.6,-0.53,-0.73,-0.38,-0.37
storm-spirit,-0.9,-0.11,2.09,-3.93,3.08,-0.7,-0.08,1.42,0.71,1.74,0.91,1.08,0.29,4.47,-0.76,0.4,-1.27,-3.43,1.43,-0.58,-1.6,0.4,-0.92,-0.52,-0.91,0.26,-1.46,0.26,-0.68,-0.63,1.14,-0.16,-0.74,0.32,1.5,-1.41,-0.36,-1.1,0.26,-1.26,0.59,1.35,0.29,-0.87,-0.29,-0.75,0.31,0.74,-0.42,-0.77,-3.09,-0.5,0.27,-0.69,1.38,-2.49,-4.41,0.4,0.91,2.42,1.48,0.03,-0.49,-1.17,-1.07,1.38,-1.95,-1.64,2.07,0.98,-0.44,1.94,1.11,-1.77,0.94,-0.66,-0.72,0.62,-2.01,0.34,0.58,1.6,-0.73,-1.04,-2.11,-0.34,-0.19,0.19,0.4,2.78,0.69,-0.84,0,-0.4,-0.72,-2.24,1.02,-1.29,0.6,2.17,-0.77,0.1,-2.17,0.52,-0.64,0.11,0.11,0.04,0.62,-1.51,-0.1,0.31,0.09,0.75,1.04,0.14,-0.04,-0.49,4.56
sven,0.13,-0.35,0.08,0.71,-0.24,1.12,-0.37,-1.09,1.18,0.38,-0.23,0.5,-1.43,4.54,2.06,2.46,1.04,-1.46,-1.43,-0.03,3.25,-0.66,0.06,0.23,1.08,-0.39,-1.02,-0.13,0.88,0.79,1.51,1.42,-0.15,-1.78,-0.21,0.56,0.25,-2.48,-0.54,0.9,0.4,-0.16,-0.23,-0.23,0.29,1.95,-0.26,-1.57,0.18,-0.2,1.72,-0.4,4.12,0.1,-0.07,-0.81,5.48,-0.24,-1.07,-0.35,4.79,-0.89,1.21,0.72,0.65,-0.08,0.8,0.63,0.34,0.91,-2.21,4.79,-1.24,0.9,0.01,0.42,-0.24,-1.28,1.14,-1.04,0.67,-0.51,-0.59,-0.98,-0.43,0.39,-1.43,0.06,0.22,-0.54,0.94,0.87,0.64,0,-1.14,-4.76,-2.45,0.45,0.75,-0.72,0.11,-0.82,-2.79,0.13,1.71,-0.81,-1.16,-0.02,-1.0,0.52,1.13,1.87,0.92,-1.32,-0.1,-1.39,-0.53,-0.51,0.53
techies,-1.07,-0.27,-0.11,-2.57,-2.13,-0.31,-1.08,-1.05,-0.61,2.8,1.38,0.52,-0.37,0.49,-1.48,0.1,1.19,1.79,-0.42,0.13,1.09,1.0,0.02,1.39,-0.05,-0.04,-2.01,0.64,-0.77,0.0,1.13,2.46,-0.89,-0.94,1.0,0.16,0.49,-0.2,-0.17,-0.18,-0.15,-0.01,-0.76,-0.27,-0.2,1.0,0.59,-1.87,0.54,-1.16,-0.94,1.11,0.02,-0.72,-0.43,-2.22,2.84,1.0,0.88,3.2,-0.4,-1.15,0.41,1.66,0.69,0.7,0.7,-1.5,-0.02,1.12,0.0,2.25,0.26,0.17,-2.03,0.79,0.63,2.5,2.83,-0.17,0.34,-1.03,0.68,-0.17,1.42,-0.15,0.22,1.98,-0.52,-0.62,-1.76,0.0,0.69,1.18,0,-4.05,1.82,0.81,0.29,-1.24,-0.43,0.42,0.95,-0.82,-0.18,1.07,-0.08,-1.17,0.52,1.02,-3.26,1.53,-0.37,3.96,0.14,-0.2,0.96,-3.21,0.28
templar-assassin,0.24,-2.25,1.49,4.32,-3.11,-1.03,0.66,-6.01,-0.42,-1.24,-0.46,-0.03,-0.9,2.82,1.92,-1.0,-1.39,-1.92,1.04,0.01,-3.9,-0.95,-0.25,-2.69,0.9,-0.6,-2.68,-1.49,1.35,1.16,1.44,-2.99,-0.07,-1.62,0.78,0.35,-2.16,-5.76,2.8,-0.8,-1.16,1.17,0.28,-0.02,1.67,-0.47,0.12,2.22,0.83,1.11,1.73,-0.62,-1.0,1.72,1.65,-3.75,-6.0,1.14,-1.84,-0.27,-3.9,-0.26,0.32,2.08,1.86,1.04,-0.47,2.72,1.92,0.16,2.18,-5.31,-1.91,4.24,0.43,-1.18,1.24,-3.96,0.5,1.42,-0.81,0.12,2.95,-1.66,0.15,2.2,1.4,-2.37,1.6,-2.87,-1.48,-0.34,2.23,4.81,4.03,0,-4.34,1.18,1.01,-1.32,1.37,-2.28,-3.25,2.36,-0.36,-0.4,1.61,-0.05,-3.61,-5.16,-2.86,2.78,-1.04,-1.82,-0.15,-2.29,-0.53,-0.12,4.65
terrorblade,1.0,1.66,1.27,1.71,-3.54,-1.97,2.23,-2.19,1.29,-0.35,0.67,0.04,-0.23,2.83,-0.14,0.77,-0.1,2.16,1.58,-0.39,-4.99,0.18,1.17,2.65,0.91,0.06,1.29,-1.43,-0.34,-0.75,-1.72,-1.54,0.3,-1.75,0.49,-0.05,-0.16,0.04,-0.42,2.33,-1.04,0.74,-2.1,-0.41,0.01,-0.4,-0.94,2.17,-0.13,0.06,1.74,1.0,2.14,0.91,0.66,0.05,2.56,1.66,1.3,0.88,-3.77,1.75,1.25,2.41,-0.44,1.07,0.15,1.08,0.97,-1.12,1.27,-4.5,-1.05,-1.01,1.61,-1.7,-0.13,2.41,0.91,-0.65,-3.55,-2.93,1.43,2.29,1.29,-0.5,4.82,-0.37,-0.59,-2.2,0.63,1.25,-0.89,2.68,-1.64,4.33,0,-0.07,-4.17,-4.19,-0.02,-1.09,0.95,1.49,-2.4,1.4,1.22,1.98,1.64,3.05,1.95,0.11,-2.77,0.32,0.65,0.35,0.64,2.23,-2.83
tidehunter,-0.09,-1.32,-0.76,-0.86,0.96,-0.26,1.57,1.7,1.91,-1.3,0.9,0.13,-1.87,0.67,0.77,3.19,-1.17,-1.47,-1.44,0.57,-1.78,-0.14,0.78,-1.2,-0.37,-0.74,0.8,-0.19,1.15,-0.09,-1.57,-0.1,-0.05,-0.1,0.36,-1.48,0.62,-1.33,-0.8,-0.14,0.99,-2.81,-0.89,-0.56,-0.23,-1.33,-0.67,-0.57,-0.12,0.06,2.86,-0.25,2.73,0.42,-0.24,0.96,2.1,-0.21,-1.35,0.17,2.28,-0.93,-1.36,-0.52,-0.09,0.95,-1.31,0.49,-2.76,-1.03,0.97,3.29,0.55,0.12,-0.03,0.03,0.45,-2.75,-0.18,-1.04,0.51,0.55,-1.61,0.79,1.14,0.88,1.9,-2.39,-1.02,-1.76,1.29,0.71,1.11,-0.44,-0.82,-1.08,0.16,0,-1.25,-0.39,-1.72,-0.19,1.27,-0.75,-1.05,-1.31,-1.94,1.13,-0.09,-0.83,0.21,0.22,1.32,-0.47,-0.03,0.02,-1.41,2.67,-0.12
timbersaw,0.59,0.6,-0.78,-0.59,0.9,1.62,-0.86,-3.46,1.8,-1.21,-1.2,1.89,1.11,2.55,1.53,3.11,0.25,0.14,1.71,0.23,1.83,-0.36,-1.22,-3.95,0.3,-2.36,0.59,0.54,1.24,0.29,-0.15,0.4,-1.06,-0.67,-0.66,-2.33,-1.68,2.59,-0.1,0.75,0.0,0.88,0.2,1.2,1.01,-1.12,1.0,-0.14,-0.7,-0.46,-1.09,-1.12,2.42,0.7,1.39,-0.98,4.89,0.25,0.44,1.55,3.92,0.21,-0.57,-0.67,-2.9,0.24,1.45,0.94,-4.2,0.33,1.74,4.55,1.06,-0.54,1.45,-3.42,-0.81,-1.41,-0.82,0.39,1.28,2.44,-0.48,0.83,-3.21,-0.64,-0.11,-0.16,1.21,-0.11,1.52,0.97,-0.48,-0.03,-0.19,-1.01,4.18,1.35,0,-0.55,0.03,2.75,0.31,1.27,3.03,1.8,-2.37,0.29,1.06,-0.07,-1.13,0.03,0.48,-1.85,0.06,3.67,0.23,2.1,1.12
tinker,0.11,-2.13,1.75,-3.87,-0.03,1.31,-0.14,-1.63,0.14,2.71,0.33,-0.78,-0.54,-1.44,-1.3,-0.15,-0.81,2.6,-1.52,0.14,2.0,1.01,0.89,-1.3,0.99,-1.43,-1.11,3.45,-0.26,0.56,2.3,0.66,-0.07,0.21,1.83,0.87,-0.58,0.18,0.2,-1.08,-0.03,0.14,-0.36,-0.76,1.22,-1.57,1.69,-1.44,0.98,0.61,-2.98,0.05,-0.72,0.99,1.85,-0.33,2.6,-0.31,3.25,2.35,1.34,0.7,1.16,0.13,-2.61,1.79,0.91,1.0,2.21,0.82,2.04,0.26,0.07,-0.86,-0.97,-1.84,-0.67,0.59,-0.09,1.32,-0.37,-1.03,1.45,0.02,-0.85,-0.37,1.11,-0.03,0.54,0.55,-1.68,-0.33,-1.87,1.32,1.33,1.32,4.23,0.44,0.54,0,0.26,0.69,3.4,-0.57,1.09,0.18,0.39,1.0,0.4,-0.05,-2.11,0.7,-1.4,-0.61,2.6,2.91,0.76,-1.13,-1.41
tiny,0.96,-0.85,0.59,1.08,0.0,0.83,-0.35,-1.73,-1.35,0.37,-0.32,-0.45,-0.87,1.14,0.03,0.25,-1.22,0.56,0.24,0.63,0.21,-0.04,-0.01,-2.26,0.47,-1.72,-1.42,0.92,0.28,0.94,0.72,-1.11,-1.27,-0.56,0.5,-0.59,-0.96,-1.2,0.9,-0.06,0.17,0.63,-0.06,-0.3,1.23,-1.35,0.51,-1.48,0.05,0.78,-0.71,0.03,-1.71,-0.26,1.12,-0.49,1.1,1.05,0.27,2.49,0.78,-0.02,-1.81,-0.49,-0.42,0.84,0.77,0.86,-0.66,0.29,2.13,0.5,-0.09,0.08,1.4,0.24,-0.04,-1.79,1.18,1.0,-0.62,0.3,1.92,-0.16,-0.08,-0.26,0.7,2.24,0.54,-0.47,0.74,0.35,0.76,0.31,0.39,-1.48,-0.07,1.6,-0.07,-0.26,0,0.35,-0.53,0.38,-0.1,-1.26,-0.2,0.25,-2.71,-1.97,-1.77,0.82,-0.28,-0.25,1.22,-0.45,0.38,-0.56,0.98
treant-protector,0.58,0.05,-0.73,-0.71,0.53,0.87,-0.4,-2.28,0.18,1.0,0.24,0.67,-0.82,-0.5,0.78,1.45,0.34,0.69,0.31,0.04,-2.0,-0.07,0.3,-1.28,0.1,-0.66,1.02,0.09,-0.52,-0.16,-1.24,0.61,0.61,-1.86,-1.03,-0.33,0.69,-1.73,-1.11,0.63,-0.38,-2.29,-1.64,0.45,0.85,-1.63,-0.5,1.01,-1.33,-0.1,2.02,0.56,0.61,-0.79,-1.19,0.98,2.36,0.2,-0.28,-1.87,1.17,0.72,-0.46,0.39,-0.71,0.95,1.24,-1.0,-0.35,0.02,0.75,0.28,-2.34,-0.28,-0.85,-1.23,-0.4,0.55,-0.25,-0.98,-0.29,0.1,-1.03,0.2,0.09,-0.04,0.58,-1.7,-1.99,-0.63,2.5,1.36,-0.24,0.71,-0.47,2.43,1.25,0.16,-2.69,-0.67,-0.54,0,0.36,0.91,0.37,-0.3,-0.01,1.19,-0.25,-1.06,1.01,-0.54,0.2,-2.05,-0.38,0.32,-0.58,1.77,0.37
troll-warlord,-1.39,2.31,-1.5,3.88,-1.58,-1.02,-1.36,-1.64,0.47,1.29,1.79,-1.01,-2.7,3.86,-0.44,0.86,2.53,2.05,-0.53,-1.25,-0.03,-1.06,0.84,-0.09,0.12,-1.68,-1.22,-0.91,1.15,-0.53,1.57,2.22,0.84,-1.2,0.59,-0.8,-2.05,0.42,-1.87,2.31,-1.47,0.24,-1.88,-0.6,2.71,0.36,-0.29,0.48,-1.83,-2.0,2.36,0.1,3.14,2.82,-1.63,-0.61,3.61,0.15,0.69,-0.28,-1.89,-1.59,-0.44,1.88,0.01,-1.55,-0.69,-2.39,-3.58,-1.47,1.07,-0.14,-0.68,1.2,-0.1,-3.75,-0.36,-2.92,2.06,-0.48,0.16,-1.0,-0.16,-1.41,0.08,-1.22,2.64,-1.85,0.17,-0.56,0.07,0.43,2.01,2.56,-0.93,3.4,-0.9,-1.29,-0.27,-3.41,0.37,-0.36,0,1.97,-1.31,1.56,1.17,0.53,-0.31,0.22,-0.3,1.12,1.28,0.43,-2.52,-2.16,-0.56,0.16,0.3
tusk,0.06,0.37,0.82,1.11,1.57,-0.13,0.87,-1.05,-0.81,-0.11,0.47,-0.11,1.06,-0.76,0.7,-0.14,0.76,1.13,-0.11,0.18,-1.69,-1.81,0.53,0.08,0.52,0.08,-0.79,0.78,0.76,-0.5,-0.19,-1.36,-0.65,-0.58,-0.28,-0.17,-0.74,-0.63,0.83,0.72,-0.61,0.04,-0.01,-1.0,1.62,-0.58,-1.61,0.35,-0.27,0.12,0.83,-0.02,-1.39,-1.11,0.12,-0.31,-1.76,0.73,-0.83,-0.47,-1.92,0.29,-0.59,0.3,0.19,1.27,-1.44,2.05,-0.46,-1.29,1.43,-1.44,-1.1,-0.58,1.33,-1.29,-0.44,0.17,-0.9,0.19,-0.96,0.72,0.34,-0.13,0.63,1.33,0.07,0.16,-0.4,-0.03,1.2,0.24,-0.51,0.23,0.83,-2.4,-1.5,0.74,-1.28,0.62,-0.45,-0.92,-1.99,0,-0.79,-0.3,0.05,0.01,-0.27,0.12,-0.23,-1.04,0.25,-1.41,1.19,-1.32,0.03,0.55,1.56
underlord,1.71,-1.34,-2.12,-2.13,-0.51,-0.33,-0.03,-0.91,0.65,-1.75,-0.53,-0.32,-2.08,-0.54,1.19,2.55,2.43,-1.46,0.23,-0.61,-1.73,0.41,0.29,-0.96,-0.07,-1.46,2.26,-1.53,0.7,0.13,-2.22,1.53,-0.74,-0.78,-1.47,-0.89,1.43,-1.54,-2.59,2.12,0.16,-4.57,0.43,1.14,-1.22,-1.38,-0.76,-2.57,-1.01,-0.8,4.17,0.81,2.92,-0.84,0.7,2.82,6.4,0.42,-1.72,-0.95,7.59,0.07,0.54,0.87,0.72,-0.23,1.39,0.53,-3.0,0.04,-0.78,5.53,-0.37,2.31,-2.83,-1.26,-0.4,-0.26,3.08,-4.56,1.69,2.18,-1.74,-0.21,-0.47,-1.58,-0.57,-0.93,-1.51,-4.67,3.43,3.83,0.35,-2.0,0.09,0.6,2.7,1.06,-2.88,-0.98,-0.21,-0.35,1.33,0.81,0,-0.19,-3.4,1.11,0.0,-2.57,1.53,1.56,0.33,0.55,-1.68,0.11,-1.93,4.35,-0.36
undying,1.24,-0.85,-1.21,-2.03,-0.11,0.45,1.03,0.46,2.46,-0.07,-1.69,0.64,0.54,-1.3,1.27,1.01,0.83,-1.0,1.9,0.44,-2.13,-0.24,-0.03,1.87,0.25,0.45,1.15,0.02,0.16,-0.63,-0.95,-1.17,-0.83,-0.42,-1.79,-0.49,-1.28,1.06,-0.59,-0.51,0.25,-1.52,0.23,0.79,-1.14,1.98,0.33,-1.72,-1.36,-0.1,1.05,-2.39,1.53,-0.71,1.45,-3.97,-1.87,-0.75,-1.1,-2.49,-0.56,-1.62,0.6,-0.04,0.01,-0.03,0.7,1.91,0.89,-1.89,-1.07,-1.65,-1.17,1.13,0.93,-1.14,-0.88,1.07,-0.34,-0.96,-0.03,1.37,-0.79,-0.21,-0.37,-0.07,-1.02,-0.91,-1.18,-1.64,5.08,1.1,-0.21,0.63,-1.09,0.59,-1.27,1.31,-1.65,-0.06,1.1,0.3,-1.56,0.34,0.17,0,0.99,-0.03,-1.0,0.48,1.37,0.03,0.42,-1.92,-1.27,0.61,-0.11,2.49,0.88
ursa,-0.2,1.84,0.7,2.7,0.13,1.63,-0.62,-0.81,-2.41,0.31,-0.38,-2.65,-1.36,0.01,0.43,-1.03,1.76,0.12,0.31,0.03,1.09,-0.54,-0.22,-1.13,-0.21,-0.78,-0.1,-1.48,1.27,0.6,1.21,0.68,-0.57,0.08,1.24,-0.74,-0.72,0.05,0.06,0.81,0.13,2.9,-1.22,0.44,1.77,1.08,-0.71,1.53,-0.71,-0.34,1.3,0.34,-0.06,1.72,-0.69,0.89,0.17,-0.08,0.55,1.2,-1.04,-0.24,-0.21,-1.1,0.78,-0.56,-0.23,-0.37,-1.36,-1.41,-1.09,-3.05,0.73,0.9,2.45,-0.09,-0.73,-2.66,-1.38,0.89,0.15,0.41,1.4,-1.11,-0.74,-0.85,-0.91,-0.21,0.47,-0.14,-0.72,0.01,-0.08,1.41,0.08,-1.61,-1.23,1.92,2.45,-0.38,0.12,0.02,-1.17,-0.05,3.42,-0.93,0,-0.52,-2.98,-0.09,-0.45,0.12,0.94,-1.39,-1.61,-0.43,0.44,-0.86,1.0
vengeful-spirit,-0.58,0.46,0.42,0.05,-0.13,-0.47,0.77,1.48,0.08,-1.49,-0.13,-0.54,-0.35,-0.64,0.95,-1.17,-0.98,1.56,-0.37,0.05,-2.22,-0.38,0.79,0.57,0.14,-0.21,-0.77,-2.06,-0.61,-0.6,-0.46,-0.45,-0.44,0.54,0.56,0.88,-1.41,-0.33,0.11,0.53,-0.5,0.37,-0.09,-0.88,0.52,0.02,-0.39,1.22,-0.17,0.11,0.71,-1.44,-0.67,-0.37,-0.97,-2.17,-1.74,-0.12,-0.51,-0.96,-1.92,-0.81,-0.46,0.35,-1.11,0.54,-0.76,1.38,-0.7,0.26,-0.04,-3.65,0.35,-0.05,-0.25,0.65,-0.41,-0.29,0.76,-0.47,-0.11,-1.47,0.41,0.68,0.23,0.57,1.66,-0.36,-0.62,-1.73,-1.31,-0.52,-0.18,-0.04,1.08,0.1,-1.93,-1.11,-0.28,-0.99,-0.52,-1.2,-0.54,-0.06,-1.04,0.0,0.49,0,-1.07,-1.24,0.77,0.38,-0.59,0.01,0.08,-1.12,-0.52,-0.29,-0.39
venomancer,-1.09,-0.09,-0.71,0.36,-3.7,2.73,0.84,1.98,1.13,0.34,1.1,-2.08,0.99,-2.71,0.98,-0.94,-0.42,-0.98,1.04,-0.27,-1.51,1.09,0.21,-0.35,-0.03,1.51,1.01,-0.58,-0.12,1.21,0.12,1.54,-1.01,-0.65,0.23,0.59,-0.44,-2.4,-0.13,0.2,0.31,-1.52,0.64,1.42,-1.64,1.44,0.24,-1.79,-0.5,0.83,0.08,0.08,-1.42,1.04,0.76,0.03,2.76,0.32,2.08,-1.27,-0.15,-2.63,0.48,1.76,1.42,0.66,-0.09,-0.22,0.44,-0.01,0.12,-3.55,-0.44,1.22,-0.48,0.06,0.12,0.75,1.64,0.15,0.7,-0.77,0.2,0.07,0.18,-0.4,1.94,-1.42,-0.06,-2.19,1.85,1.38,-0.66,1.12,-0.5,3.77,-1.64,0.09,-1.06,-0.35,2.53,0.25,0.33,0.29,0.01,1.03,2.99,1.02,0,-1.58,1.06,1.02,-0.8,-0.71,-0.69,1.03,-0.24,0.7,0.22
viper,0.45,0.62,-0.46,0.58,-3.46,1.65,1.58,2.15,1.07,0.3,-0.66,-1.93,3.14,-3.59,0.0,-2.83,0.85,-3.17,1.29,0.31,-0.93,0.28,0.06,-1.06,0.71,0.42,2.18,-0.69,0.88,2.36,-0.24,1.04,-1.36,-0.39,0.54,0.75,0.47,4.55,-1.2,0.99,0.9,-2.16,-0.4,-0.79,-1.54,1.99,0.19,-2.17,0.42,0.16,1.74,0.66,-0.6,0.71,0.52,-0.82,2.06,0.11,1.88,-3.16,-2.8,-2.67,3.67,1.35,0.26,1.19,1.0,1.25,-0.43,0.08,0.01,-3.69,0.45,0.78,-1.34,0.22,1.86,0.94,-0.19,0.14,0.92,-0.44,0.44,-0.51,-0.45,-0.2,0.48,0.59,-0.35,-1.71,4.75,0.37,1.5,-0.28,-1.04,5.59,-3.12,0.76,0.19,0.2,1.96,1.02,-0.29,-0.09,2.45,-0.56,0.14,1.14,1.59,0,1.61,0.83,0.37,-2.49,-1.27,1.62,-1.07,-1.03,1.32
visage,1.69,-1.44,1.25,0.34,1.87,-1.56,1.15,-2.07,-2.06,-0.37,-0.07,-2.45,-3.72,-1.62,-0.21,-1.9,1.39,-1.2,3.29,0.11,-1.55,-0.63,-0.73,-2.06,-2.16,0.01,2.01,-1.43,-0.5,-1.18,0.14,0.22,-3.24,-1.13,-0.28,1.1,-2.57,0.79,0.2,0.7,-2.0,1.99,-1.72,-0.88,-0.18,-0.76,0.76,-0.54,0.08,1.03,0.64,1.16,-3.52,-1.12,1.75,-2.85,2.16,1.24,-1.13,1.48,-5.64,0.24,2.68,2.72,1.35,0.83,-2.13,2.51,3.28,-1.58,-1.81,-4.74,0.1,-1.2,1.02,1.7,0.09,-3.4,-0.17,0.26,-2.49,-3.2,0.94,1.06,-0.47,1.69,0.02,-0.31,-0.36,-2.58,0.95,-0.37,-0.09,-0.74,2.96,2.55,-2.07,-0.08,1.0,1.8,1.18,-0.82,0.33,0.05,-1.01,-1.15,0.29,-0.64,-1.03,-1.55,0,0.82,-2.34,-2.45,0.65,-2.74,-0.01,-0.45,3.23
void-spirit,-0.4,-2.43,1.51,-1.05,2.35,-0.47,-0.74,0.56,-0.26,-0.82,0.15,1.15,-0.71,3.18,-1.26,0.14,-0.47,0.66,1.74,0.4,1.43,-0.09,-0.99,-1.84,-0.5,-1.82,-1.82,0.7,-0.16,-0.23,-0.26,-1.65,-0.44,0.76,0.47,-0.97,-0.05,-1.72,2.62,-0.8,-0.01,1.34,-0.13,-0.27,-0.27,-0.86,0.7,0.33,-0.12,-0.4,-1.42,-1.0,-1.68,-0.24,1.76,-0.75,-3.14,0.61,-1.53,1.57,-0.98,-0.62,-2.03,-2.14,-1.31,0.15,-1.0,-1.38,1.22,1.35,0.73,0.98,0.32,-0.34,0.88,-0.95,-0.39,-0.76,-1.33,-0.44,-0.2,0.96,-0.68,-0.33,-0.92,0.0,-0.08,0.64,0.71,-0.01,0.3,-0.22,-0.33,-1.54,-1.51,-2.77,-0.02,-0.29,0.05,-0.62,-0.88,0.52,-1.14,1.05,-1.63,-0.04,-0.08,-0.46,-1.04,-0.83,-0.93,0,-0.29,0.08,1.41,0.44,0.6,-0.32,0.98
warlock,-1.5,-0.22,-0.29,-0.49,1.0,1.74,-0.08,-1.62,1.15,0.4,-1.77,-0.85,-1.29,-3.98,1.0,1.31,-1.79,-0.77,1.12,-0.21,1.19,0.13,-0.2,-0.74,0.28,-1.26,1.42,0.05,-0.11,-0.46,0.19,-0.95,-1.14,2.63,-1.16,0.47,0.68,-2.09,-0.75,-1.35,-1.19,-0.98,-1.18,0.68,-1.97,-1.39,-0.19,-1.04,-0.75,-0.65,1.06,0.92,1.12,-1.11,1.5,-1.23,3.48,0.02,-1.78,-1.13,1.29,-0.88,0.08,0.3,-0.1,0.97,-1.05,-0.75,0.21,-0.88,-1.62,0.1,-1.05,0.72,0.34,0.22,-0.19,-0.73,-0.22,-1.29,-0.33,-0.02,-1.49,1.16,0.92,0.28,-1.0,-2.05,-0.85,-0.79,2.63,0.19,-0.3,-0.94,0.29,1.11,2.85,-1.34,-0.45,1.38,0.01,-0.21,-1.29,-0.3,-0.26,-0.41,-0.98,0.55,0.74,-0.48,2.59,0.21,0,-0.97,-0.4,1.03,0.19,0.74,1.28
weaver,0.37,0.12,1.64,0.04,1.43,-1.07,-0.31,3.54,2.58,-1.0,-1.38,3.27,-0.72,0.47,0.15,0.81,1.84,-2.19,0.29,-0.57,1.37,0.14,0.77,3.25,-0.94,0.16,-0.74,-1.31,0.71,-0.95,0.67,1.2,0.17,0.14,-3.24,0.06,-1.66,0.64,0.61,-0.03,0.73,2.04,0.0,0.82,-1.09,2.38,1.35,1.14,0.57,-0.52,1.83,-0.72,1.93,1.02,-1.59,-1.09,-1.14,-0.28,0.37,-1.49,-2.08,-1.43,0.23,0.84,-1.66,-0.34,1.51,1.77,0.91,1.75,0.19,-0.92,1.87,-0.92,1.47,1.48,0.37,3.46,-2.4,-1.78,-0.67,2.87,-0.17,-0.81,-0.96,-0.34,0.15,-0.26,1.29,0.29,0.94,0.18,-0.77,1.42,-3.85,1.9,-0.31,0.51,1.92,0.66,0.16,2.03,-0.41,1.39,-0.54,1.95,1.39,-0.03,0.73,2.37,2.6,-0.06,0.93,0,1.61,1.25,0.56,-0.49,-0.71
windranger,0.7,1.94,2.18,-0.27,-1.8,-1.81,-1.51,1.27,-0.79,-1.43,0.78,-0.03,-1.67,-0.41,-3.09,-0.94,0.8,-0.61,-1.89,-0.27,2.2,-0.37,-0.09,1.64,0.21,-0.02,-0.53,0.11,-0.02,0.03,2.33,-1.91,0.31,0.81,-1.02,0.45,-0.04,2.94,0.21,0.65,1.11,2.06,0.7,-0.23,-0.7,1.01,-0.18,2.32,0.5,-0.83,1.8,-0.41,-0.44,0.7,-2.89,0.13,1.82,0.05,2.51,-0.53,-0.41,-0.85,-0.35,0.78,0.25,-0.83,1.0,-1.03,0.54,0.18,0.95,0.04,0.27,-1.33,-0.57,-1.15,-1.77,0.86,-0.33,-0.22,0.07,-2.55,0.78,-0.79,0.25,-0.31,2.19,1.53,0.93,-0.06,-2.24,-0.64,-0.71,0.08,0.04,1.21,0.08,-0.15,0.91,-1.79,-0.44,0.3,3.1,-0.83,0.94,1.24,2.5,-0.29,1.23,1.91,-0.5,-1.35,0.16,-1.5,0,0.49,0.66,-0.8,0.12
winter-wyvern,-0.93,-0.23,-0.82,-2.08,0.28,-0.99,0.35,0.52,3.38,-0.06,-0.14,-0.47,-0.23,2.53,-1.12,0.8,0.59,1.49,0.17,0.63,-0.5,0.05,0.55,-0.95,0.71,-0.8,-0.91,1.51,-0.05,0.49,1.41,-0.36,-0.33,1.59,1.41,-0.21,-0.74,-2.82,0.69,0.83,0.63,1.41,-0.09,0.52,2.82,-0.38,-0.18,1.58,0.21,0.91,5.1,-0.31,2.48,1.75,1.03,0.7,9.94,0.78,0.31,-1.17,0.79,1.15,-1.98,0.84,-0.22,0.61,0.35,-0.02,-0.71,0.01,-0.84,-1.16,-0.44,-0.19,0.65,-2.25,-0.33,-0.58,0.36,0.28,-1.17,0.24,1.0,0.23,0.1,-0.04,0.78,-0.52,0.17,-1.07,-0.58,0.65,-0.09,1.73,0.3,2.24,-0.35,0.11,-3.61,-2.9,0.3,-0.22,2.16,1.29,0.18,-0.39,0.42,1.18,-0.95,-1.46,2.74,-0.32,-0.93,-1.19,0.28,0,0.68,1.48,-0.35
witch-doctor,-0.18,0.74,-0.77,0.01,0.04,1.22,0.61,1.24,1.76,0.21,-0.11,-0.46,-0.77,-1.76,2.04,1.51,0.15,-0.51,0.13,1.2,0.28,-0.86,0.69,0.95,0.01,1.12,1.02,-0.72,0.55,0.22,-0.02,-0.68,0.63,0.6,-0.9,-0.04,0.45,1.79,-0.02,0.66,-0.15,-0.03,-0.27,0.23,0.55,1.1,0.07,-0.16,-0.27,-0.3,1.26,0.74,1.54,-0.07,-0.78,-0.27,1.63,-0.77,0.26,-2.06,0.36,-0.7,0.21,-0.03,-0.18,0.8,-0.8,0.3,0.43,-0.63,-0.6,-0.54,-0.79,-0.08,0.56,0.41,0.71,1.14,-1.51,-0.63,-0.04,-0.28,0.02,0.66,-0.41,-0.22,0.41,-0.28,-0.39,-0.65,1.33,0.72,0.14,0.55,-1.04,1.02,-0.4,1.33,0.08,-0.37,-0.15,0.44,0.54,0.12,1.49,-0.12,-0.3,0.3,0.32,1.2,-0.06,-0.62,-0.57,-0.54,-0.49,-0.48,0,0.45,-0.19
wraith-king,-0.21,-3.01,0.8,-3.21,0.21,0.65,1.73,0.33,-0.73,1.86,-1.17,-0.38,-1.78,-1.8,0.41,-1.41,-1.34,2.72,0.94,-1.37,-3.38,0.25,-2.19,1.62,-0.19,1.23,0.09,1.02,0.06,-0.47,1.56,-1.01,1.02,1.78,0.93,-0.33,0.81,0.72,-1.52,-0.66,-2.2,0.15,-1.45,-1.05,1.06,0.02,-0.62,-1.16,-0.34,-0.53,-0.38,1.08,0.05,-0.04,-0.28,0.31,-2.71,0.8,-1.73,-0.71,-4.19,1.01,-0.16,1.65,0.49,0.12,-1.36,-0.72,1.0,-2.02,-0.95,-5.09,-1.24,1.64,0.36,0.07,-0.25,1.43,1.09,-2.13,-1.47,-0.6,0.15,0.26,1.23,2.2,-1.04,-1.66,-0.89,-0.8,1.69,0.43,0.56,0.45,3.47,0.55,-2.06,-2.8,-1.85,1.6,0.7,-1.83,-0.07,-0.39,-4.74,-2.59,1.13,0.32,-0.58,1.14,0.68,0.43,-0.81,0.74,0.56,-1.24,-0.53,0,1.38
zeus,-0.42,-1.13,1.29,-6.19,-0.02,1.3,0.17,-0.97,-0.92,1.79,0.08,-1.99,-0.96,-6.28,-0.16,0.67,-4.01,0.14,-0.37,-0.13,1.03,0.92,-0.85,0.56,0.17,-0.5,0.48,2.72,-0.14,1.17,1.65,-2.52,-0.24,2.78,-1.44,0.33,1.91,-1.93,-1.11,-2.17,0.51,-1.95,0.19,0.26,-0.15,-0.58,0.68,-3.36,0.22,-1.07,-4.54,2.05,-1.63,-0.09,-0.55,1.44,-0.67,0.58,2.43,0.8,4.74,0.08,0.61,-0.87,0.32,-0.58,0.92,-1.35,2.81,0.14,-1.7,3.67,-0.67,0.95,-2.02,0.57,-0.05,1.17,2.14,-0.08,2.77,0.91,1.58,0.07,-0.27,-0.73,-0.22,0.75,-0.39,0.55,-1.85,0.81,-4.34,-0.47,0.33,-3.98,4.47,0.49,-0.21,2.88,-0.18,-0.04,0.18,-1.01,0.15,-0.75,-0.31,0.81,0.48,-0.83,-2.94,-0.51,-1.17,1.54,-0.34,1.51,0.35,-1.3,0
